year,month,day,rainfall_mm,max_temp,min_temp,solar_exp
2013,6,1,0,15.8,6.9,2.8
2013,6,2,5,15.7,10.4,8
2013,6,3,0.2,14.8,10.7,5.2
2013,6,4,0.2,15,11.1,3.8
2013,6,5,0,14.6,11.9,4.9
2013,6,6,0,17.3,12.6,6.2
2013,6,7,13,14.5,10.9,6.1
2013,6,8,0.6,15.7,5,8.2
2013,6,9,0,14.4,5.3,8.3
2013,6,10,0,16.9,6.5,7.6
2013,6,11,0,14.8,10.2,3.1
2013,6,12,0.2,13.3,8.7,2.7
2013,6,13,9.6,12.8,10.8,2.5
2013,6,14,9.2,13.8,11.3,5.7
2013,6,15,0,14.2,8.2,4.3
2013,6,16,0.6,14.1,7,6.5
2013,6,17,1,11.6,6,2.8
2013,6,18,2,14.8,7.9,6.7
2013,6,19,0,14.1,3.7,8.1
2013,6,20,0,14.9,2.4,8.2
2013,6,21,0,15,2.9,8
2013,6,22,0,12.7,2.4,8.1
2013,6,23,0,12.3,1.3,8
2013,6,24,0,12.3,1.8,6.2
2013,6,25,0,16.4,3.5,7.9
2013,6,26,0,17.6,2.8,8
2013,6,27,0,18.2,4.6,6.9
2013,6,28,0,16.4,7,7.6
2013,6,29,0,13.3,6.6,4.6
2013,6,30,0,18.3,5.2,7.2
2013,7,1,0.2,17.9,7.9,3.8
2013,7,2,1.6,18.8,12.3,8.2
2013,7,3,0,16.2,9.5,8.7
2013,7,4,0,16.8,9.6,3
2013,7,5,0.6,14.1,9,6.5
2013,7,6,0.2,15.6,9.8,5.9
2013,7,7,1.2,13.6,6.5,5.8
2013,7,8,2,13.9,4.3,8.5
2013,7,9,0,13.6,3,9.1
2013,7,10,0,15.3,3,9.1
2013,7,11,0,16.3,4,7.7
2013,7,12,0,17.3,4.9,8.4
2013,7,13,0,15.4,7.9,2.9
2013,7,14,17,16.3,11,2.6
2013,7,15,1.4,18.5,12.3,6.7
2013,7,16,0.2,16.8,9.8,6.5
2013,7,17,0,18.7,10,6.8
2013,7,18,0,23.8,11,5.9
2013,7,19,6.6,16.9,14.3,7.6
2013,7,20,13.4,9.9,7.8,3.2
2013,7,21,9.8,10.7,5.5,9.8
2013,7,22,0,14.7,6.2,7.1
2013,7,23,3,12.9,8.3,5
2013,7,24,0,14,10.3,5.9
2013,7,25,0.2,12.5,3.8,8.7
2013,7,26,0.2,15,7.1,8.3
2013,7,27,0,14.2,8.8,8.5
2013,7,28,0,18.6,10.7,4.8
2013,7,29,5.2,19.2,12,10.5
2013,7,30,1.4,14.4,10.1,11
2013,7,31,0.2,15,3.3,11.1
2013,8,1,0,14.1,5.7,10.4
2013,8,2,0,14.2,7.6,5.2
2013,8,3,2.6,13.3,7.1,4.9
2013,8,4,12.2,13.7,7.7,7.2
2013,8,5,2.2,15.9,9.6,4.4
2013,8,6,3.8,16,11.2,9.3
2013,8,7,0.6,13.8,6.7,6.9
2013,8,8,15.2,13.4,6.5,12.3
2013,8,9,6.4,12.2,8,2.7
2013,8,10,0,17.9,9.1,11.6
2013,8,11,0,16.3,8.3,11.6
2013,8,12,0,14.1,10.9,9.5
2013,8,13,1.8,16.5,7.9,12
2013,8,14,0,14.4,11.2,4.2
2013,8,15,0.8,16.9,7.5,11.6
2013,8,16,0,17.9,10,13.7
2013,8,17,0,15.7,9.1,9.9
2013,8,18,0.2,17.6,10,9.8
2013,8,19,0.4,12.8,7.3,10.5
2013,8,20,0.6,12.7,5.5,12.3
2013,8,21,0,14.1,7.2,9.2
2013,8,22,0,15.1,9.5,9.8
2013,8,23,3.2,14.8,11.3,4.1
2013,8,24,0.4,16.5,10.6,7.3
2013,8,25,0,17.3,11.4,7.3
2013,8,26,0,19.4,10.5,12.6
2013,8,27,0,20.3,8.7,13
2013,8,28,0,22.4,10.9,11.4
2013,8,29,0,23.8,12.4,7.2
2013,8,30,2.4,19.1,14.7,7.7
2013,8,31,1.4,22.2,10.4,16.4
2013,9,1,0,23.4,13.7,15
2013,9,2,0,18.8,13,15.5
2013,9,3,0,24.2,10.3,14.8
2013,9,4,0,24.1,12.6,11.4
2013,9,5,0,19.7,19.6,2.3
2013,9,6,2.6,15.2,10.9,4.2
2013,9,7,0,17.9,9.8,10
2013,9,8,0,16.8,8.9,16.8
2013,9,9,0.2,23.2,11.6,9.5
2013,9,10,0,16.6,11.7,12
2013,9,11,0.2,16.9,11,12.9
2013,9,12,1,13.9,8.2,13.9
2013,9,13,1,16.4,3.6,13.2
2013,9,14,0,17.5,7.9,14.6
2013,9,15,0,21.9,10.1,17.4
2013,9,16,3.2,16.9,12.8,3.6
2013,9,17,25.4,17.7,11.4,13
2013,9,18,0,19.7,12.7,8.1
2013,9,19,10.8,17.2,10.4,9.3
2013,9,20,1.8,17.1,10.3,12.9
2013,9,21,1.4,19.4,6.5,15.5
2013,9,22,0,21.7,11.8,17.9
2013,9,23,0,24.3,9.6,14
2013,9,24,0,24,13.4,12.6
2013,9,25,0,23.6,16.3,17
2013,9,26,30.2,15.3,12.1,13.7
2013,9,27,0.8,20.3,7,20.7
2013,9,28,2.4,15.9,8.3,17.3
2013,9,29,0.8,21,6.4,20.8
2013,9,30,0,23.8,14.8,4.9
2013,10,1,2.2,16.3,11.3,11.7
2013,10,2,0.2,17.1,9.9,8.7
2013,10,3,1.8,14.7,8.4,15.7
2013,10,4,0.2,21,5.8,22.3
2013,10,5,0.2,25.2,12.7,13.9
2013,10,6,0,17.9,13.2,11.9
2013,10,7,3.2,16.9,8.9,21.3
2013,10,8,0.8,20.8,10.6,22.5
2013,10,9,0,26.7,12.3,19.9
2013,10,10,0,15.5,15.4,2.8
2013,10,11,3.2,20.6,10.2,20.5
2013,10,12,0.2,25.4,10.7,24.1
2013,10,13,0,17,11.1,10.2
2013,10,14,5.8,14.4,7.7,12.8
2013,10,15,1.4,19.4,9.5,18.3
2013,10,16,0,28,12.5,16.9
2013,10,17,1.6,15.3,11,20
2013,10,18,1.6,22,7.2,25.6
2013,10,19,0,26.5,12.4,26
2013,10,20,0,31.6,16.4,11.8
2013,10,21,0,17.4,14.5,3.8
2013,10,22,0.2,16.1,12.2,3.2
2013,10,23,15.4,15.3,12.9,6.4
2013,10,24,3.4,14.3,7.2,17.7
2013,10,25,0.2,15.7,7.9,8.7
2013,10,26,1.4,16.2,9.7,11.4
2013,10,27,0,16.9,10.2,18.1
2013,10,28,0.2,17.6,11.3,9.2
2013,10,29,1.4,16.2,11.8,19.6
2013,10,30,0,18,11.8,15
2013,10,31,0,16.2,12,20.9
2013,11,1,0,20.1,8.5,27.8
2013,11,2,0,24.6,12.2,26.1
2013,11,3,0,16.6,13.4,21.5
2013,11,4,1.2,15.9,9.9,25.1
2013,11,5,0,25,8.4,29.1
2013,11,6,0,30.3,11.1,29.5
2013,11,7,0,25.8,17.7,11.8
2013,11,8,0,17.7,14.4,3
2013,11,9,4.2,15.8,10.3,21.5
2013,11,10,2,16.3,9.3,20.4
2013,11,11,0,18.9,9.7,17
2013,11,12,0.4,16,12.6,4.3
2013,11,13,18.6,14.6,10.3,3.4
2013,11,14,7.8,15.9,11.1,11.9
2013,11,15,0,17,11.5,21.7
2013,11,16,0,17.1,9.4,18.3
2013,11,17,0,18.6,8.5,30.8
2013,11,18,0,26.9,10.3,29.8
2013,11,19,0,30.6,15,26.8
2013,11,20,0,17.8,14.1,9.4
2013,11,21,0.2,22.7,12.1,16.7
2013,11,22,0,21.9,12.9,18.4
2013,11,23,2.6,18.7,13.1,19.9
2013,11,24,6,17.7,11.7,18.5
2013,11,25,0.2,21.7,12.9,30.5
2013,11,26,0,28.2,10.1,27.1
2013,11,27,0,32.7,15,24.6
2013,11,28,0,24.1,20.9,2.1
2013,11,29,9.6,16.7,12,17.9
2013,11,30,0.2,17.9,12.1,29.8
2013,12,1,0,30.8,9.9,28.3
2013,12,2,0,35.5,16.4,30.9
2013,12,3,0,25.4,16.3,14.4
2013,12,4,10.4,21.1,17.1,2.8
2013,12,5,9.2,15.6,10.6,12.9
2013,12,6,2.6,17.5,8.2,27.2
2013,12,7,0,26.1,10.7,33
2013,12,8,0,27.6,14.6,5.4
2013,12,9,0,18.1,15.8,2.4
2013,12,10,12.4,20.3,12.8,23
2013,12,11,0.4,20,13.2,21.7
2013,12,12,2.4,21.8,10.6,30.9
2013,12,13,0,22.5,14.2,13.9
2013,12,14,0,18.1,14.3,25.6
2013,12,15,0,19.1,13.7,27.8
2013,12,16,0,19.3,14.6,26
2013,12,17,0,19.7,14,22.8
2013,12,18,0,26.3,13.8,28.2
2013,12,19,0,39.2,15.6,28.7
2013,12,20,0,22.2,19.2,29.8
2013,12,21,0,21,14.9,5.7
2013,12,22,0.2,28.7,16,2.9
2013,12,23,2,17.3,14.3,9
2013,12,24,1,21.5,13.3,32.3
2013,12,25,0,31.6,11.7,29.2
2013,12,26,0,26.7,16.2,20.8
2013,12,27,0,21.3,16.4,28.6
2013,12,28,0,36.2,14,30
2013,12,29,0,18.9,13.7,33.8
2013,12,30,0,20.7,11.7,34.1
2013,12,31,0,24.6,12.3,33.3
2014,1,1,0,26.5,15.5,2.7
2014,1,2,5.2,21.8,15,25.8
2014,1,3,0,21.6,13.3,28.8
2014,1,4,0,20.8,13.4,13.4
2014,1,5,0.2,26.2,10.3,25.6
2014,1,6,0.8,18.8,12.4,24.4
2014,1,7,0,19.2,14,22.2
2014,1,8,0,27.2,11.7,32.7
2014,1,9,0,32.3,13.4,27.5
2014,1,10,0,34.3,18.7,27.9
2014,1,11,0,21.1,17.3,20.3
2014,1,12,0,20.7,16.5,24.6
2014,1,13,0,29,13.5,32.1
2014,1,14,0,42,18.2,30.2
2014,1,15,0.2,41.6,26.6,25.6
2014,1,16,0,43.4,24.7,25.9
2014,1,17,0.2,42.5,24.4,28.7
2014,1,18,0.2,23.2,21.3,16.7
2014,1,19,0,20.8,16,25.6
2014,1,20,0,23.4,16.6,23.1
2014,1,21,0,21.9,16.7,23.2
2014,1,22,0.2,21.7,16,31.7
2014,1,23,0,28.4,12.1,30.9
2014,1,24,1,21.4,16.9,11.3
2014,1,25,5.4,19.1,15.1,29.7
2014,1,26,0,27.2,11.8,31.1
2014,1,27,0,34.6,16.8,30.5
2014,1,28,0,41,23,28.2
2014,1,29,0,22.9,17.9,26.1
2014,1,30,0,28.1,15,27.8
2014,1,31,0,24.8,18.4,27.2
2014,2,1,0,27.7,18.1,27.6
2014,2,2,0,38.1,18.1,29.7
2014,2,3,0,34.6,21.8,7.4
2014,2,4,0.4,25.8,14.2,27.6
2014,2,5,0,30.3,13.1,29
2014,2,6,0,34.5,16.2,27.7
2014,2,7,0,35.6,22.4,25.6
2014,2,8,0,40.7,17.9,27.9
2014,2,9,0,39.4,21.6,27.3
2014,2,10,0,22.4,15.3,28.7
2014,2,11,0,25.5,14.2,28.1
2014,2,12,0,25.7,16.2,21
2014,2,13,0,25.5,19,8.4
2014,2,14,0,25.5,18.9,10.2
2014,2,15,0,28.2,20.3,14.7
2014,2,16,5.8,21.6,16.7,20.8
2014,2,17,4.8,24.6,16.1,24.2
2014,2,18,0,30.7,14.5,26.3
2014,2,19,0,24.6,17.2,11.2
2014,2,20,10.4,20,12.7,16.7
2014,2,21,0,19.4,13.2,17.5
2014,2,22,0.6,19.3,14.1,9.5
2014,2,23,0,21.2,14,26.2
2014,2,24,0,23.9,13.4,24.8
2014,2,25,0,33.2,15,14.7
2014,2,26,0,20.6,14.9,16.6
2014,2,27,0.4,20,14,21.5
2014,2,28,0,21.3,12.3,25.1
2014,3,1,0,22.3,14.5,16.7
2014,3,2,0,21.2,16.8,19.6
2014,3,3,0,23.2,15.3,23.1
2014,3,4,0,32.9,15.7,20.9
2014,3,5,0,22.6,18.6,3.2
2014,3,6,0,19.6,13,23.5
2014,3,7,0,22,14.1,11.6
2014,3,8,0,27.4,14.8,21.1
2014,3,9,0,32.6,16.4,22.3
2014,3,10,0,32.3,19.7,13.1
2014,3,11,0,31.7,18.4,5
2014,3,12,1.6,20.4,16.1,20.7
2014,3,13,0,21.4,12.1,21.5
2014,3,14,0,25.9,13.5,21.2
2014,3,15,0,29.5,16.6,10.6
2014,3,16,5.6,20.3,13.5,9.6
2014,3,17,0,25.3,14.4,7.2
2014,3,18,0,24.3,15.2,13.8
2014,3,19,0,21,13.6,20.7
2014,3,20,0,30.3,10.5,20.7
2014,3,21,0,22.7,13.3,11.2
2014,3,22,1.8,18.1,13.4,11.5
2014,3,23,0,17.7,14,8.1
2014,3,24,0.2,18.2,12,6
2014,3,25,0.4,24.4,11.5,16.4
2014,3,26,0,26.9,13.9,12.8
2014,3,27,4.6,25.8,17,6.9
2014,3,28,6.6,20.5,16.9,11.8
2014,3,29,0.2,22.1,12.3,16.7
2014,3,30,0.6,24.3,14.3,16.3
2014,3,31,0.2,30.5,16.3,16.9
2014,4,1,0,33.1,17.9,15.6
2014,4,2,0,24.9,22.2,4
2014,4,3,0.2,17.7,15.6,3.9
2014,4,4,0,19.4,14.2,7.8
2014,4,5,0,24.2,14.8,12.7
2014,4,6,0,24.3,11.8,14.4
2014,4,7,0,25.5,13.4,10.7
2014,4,8,0,22.1,16.6,3.7
2014,4,9,13.4,17.9,16.8,3.3
2014,4,10,18.2,19,16.7,3.2
2014,4,11,10.2,18.6,17.2,4
2014,4,12,0.4,22.3,15.1,9.7
2014,4,13,0,20.3,11.7,14
2014,4,14,0,20.6,11.7,12.2
2014,4,15,0,20.3,10,12.6
2014,4,16,0,21,9.9,12.6
2014,4,17,0,23.5,10.9,14.4
2014,4,18,0,18.7,12.7,6.9
2014,4,19,2.2,17,11.8,9
2014,4,20,0,19.2,12.5,8.3
2014,4,21,0,19,12.3,10.4
2014,4,22,5.4,17.2,13.5,2.5
2014,4,23,4.8,18.4,10.9,11.8
2014,4,24,0.2,17,13.3,12.9
2014,4,25,0.2,20.7,6.3,13.8
2014,4,26,0,19.2,9.6,3.8
2014,4,27,0,16.7,7.5,12.9
2014,4,28,0,22.8,6.5,9.5
2014,4,29,0,20.2,13.9,2.2
2014,4,30,12.8,16.3,10.4,9.5
2014,5,1,0,15.9,6.2,9.8
2014,5,2,0,14.4,9.6,5
2014,5,3,1.4,16,9.8,8.1
2014,5,4,5.6,13.2,8.6,7
2014,5,5,1.8,16.9,9.8,4.7
2014,5,6,0.6,15.4,10.8,8.5
2014,5,7,1.8,15.3,8.5,9
2014,5,8,0,18.7,4.1,11.7
2014,5,9,0,19.1,5.9,7.5
2014,5,10,11,16.3,12.9,3.9
2014,5,11,1.8,19.6,9.6,9.7
2014,5,12,0,18.7,7.7,10.7
2014,5,13,0,20.8,7.6,10.1
2014,5,14,0,21.1,8.6,10.4
2014,5,15,0,22.9,14.3,10.2
2014,5,16,0,23.4,16.7,9.1
2014,5,17,0,20.3,16.5,4.3
2014,5,18,0,22.4,17.3,7.4
2014,5,19,0,23.5,17.3,7.7
2014,5,20,0,21.8,15,3.9
2014,5,21,0.8,23.7,10.7,9.3
2014,5,22,0,21,12.9,6.2
2014,5,23,6.2,19.8,15.2,5.1
2014,5,24,0,16.3,9.9,7.4
2014,5,25,0.6,20.9,12.8,8.3
2014,5,26,0,22.2,11.8,4.2
2014,5,27,0,20.5,14.8,3.3
2014,5,28,2.2,18.2,13.1,3.7
2014,5,29,0,15.5,9.3,5.2
2014,5,30,0,17.5,6.1,9.1
2014,5,31,0,18.9,7.5,4.7
2014,6,1,3.8,15.3,11.3,3.3
2014,6,2,3.2,16.4,11,4.8
2014,6,3,3.4,16.3,12.1,4.2
2014,6,4,1.6,18.7,10.7,4.7
2014,6,5,4.8,15.1,11.6,7.5
2014,6,6,2,15.3,8.4,7.5
2014,6,7,0.4,16.4,9.5,6
2014,6,8,1,14.8,10.9,6.7
2014,6,9,0,15.6,5.6,7.9
2014,6,10,0,18.6,9.1,7.4
2014,6,11,0,17.1,6.3,7.6
2014,6,12,0,16.4,8.6,4.3
2014,6,13,5.8,17.5,12.1,7.3
2014,6,14,0,14.7,10.1,4.6
2014,6,15,0.8,14.7,10.5,7.4
2014,6,16,0.4,16.6,10.4,5.6
2014,6,17,2,14.9,10.1,5.8
2014,6,18,0,14.1,11,4.7
2014,6,19,0,12.5,7.2,6.4
2014,6,20,0,15.8,9.4,6.8
2014,6,21,0,15.9,11.7,6.1
2014,6,22,0,15.7,7.2,6.8
2014,6,23,0,15,9.3,4.2
2014,6,24,4.4,14.3,7.2,3.7
2014,6,25,7,15.8,8.8,4.9
2014,6,26,0.6,16.2,11.5,4.9
2014,6,27,0,15.1,10.9,4.3
2014,6,28,0,13.3,9.7,6.5
2014,6,29,1.6,11.1,9,3.4
2014,6,30,6,13.2,7,5
2014,7,1,0.4,13.3,8.9,4.2
2014,7,2,0,16.7,10.9,7.1
2014,7,3,0,13.1,7.4,8.7
2014,7,4,0,12.8,8.3,6.5
2014,7,5,0,15.3,8.9,3.9
2014,7,6,0.2,13.8,10.5,5.8
2014,7,7,0,15.8,9.5,8.5
2014,7,8,0,15.1,9.4,8.6
2014,7,9,0.2,11.7,9.4,4
2014,7,10,5,14.7,7.8,7.1
2014,7,11,1.2,14.6,7.9,7.6
2014,7,12,4.4,10.4,7.3,6.6
2014,7,13,2.4,13.6,5.1,8.1
2014,7,14,0,13.5,6.9,5.6
2014,7,15,0,13.2,6.9,3
2014,7,16,2,14.7,9.9,7.9
2014,7,17,0.2,12.3,8.7,8
2014,7,18,2.4,12.5,6.1,8.8
2014,7,19,0.2,12.7,8.2,6
2014,7,20,0.2,13.7,7.7,8.4
2014,7,21,0,12.9,4.8,8.6
2014,7,22,0,12.2,5.2,7.7
2014,7,23,0,14.1,4.1,9.1
2014,7,24,0,15,4.2,5.4
2014,7,25,0,16.4,8.6,7.2
2014,7,26,0,14.8,12.2,3.3
2014,7,27,1.4,16.8,7.2,9.3
2014,7,28,0,16.9,10,10
2014,7,29,0,16.8,11.6,5.3
2014,7,30,0,19.3,12.1,6.1
2014,7,31,0,19.7,13.7,8.4
2014,8,1,5.2,10.1,6.2,4.5
2014,8,2,10.6,11.9,4.8,9.9
2014,8,3,0.6,14.4,1.2,11.4
2014,8,4,0,14.9,1.7,11.5
2014,8,5,0,16.8,4.6,6.9
2014,8,6,0,16,10.6,7
2014,8,7,1.6,14.1,10.7,6.1
2014,8,8,2.6,16.3,10.6,5.5
2014,8,9,0,15.2,7.1,8.5
2014,8,10,1.4,12.2,9.7,11.2
2014,8,11,6,12.2,5.9,10.7
2014,8,12,0.6,11.9,6.2,8.7
2014,8,13,0.2,13.5,7.8,11
2014,8,14,0.8,13.7,9.5,8.9
2014,8,15,0,16.9,3.6,12.8
2014,8,16,0,11.7,5.4,9.4
2014,8,17,0,15,6.7,7.7
2014,8,18,0,13.5,10.2,5.5
2014,8,19,0.2,13.4,10.7,6.1
2014,8,20,0,12.6,9.7,6.4
2014,8,21,0,17.8,7.5,10.3
2014,8,22,0,20.2,7,13
2014,8,23,0,20.7,7.4,13.1
2014,8,24,0.6,15.5,11,6.2
2014,8,25,0.8,16.6,10.8,9.4
2014,8,26,0.2,17.6,7,13.2
2014,8,27,0,17.4,6.7,14.5
2014,8,28,0,18.8,7.4,12.8
2014,8,29,0,14.9,7.6,9.4
2014,8,30,0,21.1,10.4,15
2014,8,31,0,21.8,9.5,14.6
2014,9,1,0,15.5,15,3
2014,9,2,10.8,14.2,8.6,14.1
2014,9,3,0.2,13.8,7.9,12.9
2014,9,4,0,14.3,4.8,15.9
2014,9,5,0,15.1,4.8,16.5
2014,9,6,0,18.1,6,14.8
2014,9,7,0,20.8,6.7,16.9
2014,9,8,0,21.5,9.7,15.2
2014,9,9,0,20.1,16,8
2014,9,10,1.6,19.3,11.6,13
2014,9,11,2.4,16.4,11.2,14.4
2014,9,12,0,15.5,5.8,15.2
2014,9,13,0,17.2,5.7,18
2014,9,14,0,19.8,6.8,17.6
2014,9,15,0,18.4,9.2,7.8
2014,9,16,0,14.8,11,3.4
2014,9,17,3.4,15.9,9.6,14.4
2014,9,18,0.6,13.5,8,13.7
2014,9,19,0.4,14.7,8.7,12.1
2014,9,20,0,15.1,9.8,17.6
2014,9,21,0,16.4,10.4,18.5
2014,9,22,0,23.3,5.4,20.2
2014,9,23,0,25.7,9.4,18.8
2014,9,24,0,23.8,15,11.4
2014,9,25,11.6,15.4,13.6,10.5
2014,9,26,0.2,18.7,10.4,18.3
2014,9,27,0,23.2,8.8,19.3
2014,9,28,0,28,15.5,19
2014,9,29,0,23.3,14.6,19.1
2014,9,30,0,24,13.5,12.1
2014,10,1,2.6,15.2,7.4,16.6
2014,10,2,0,17.1,9.6,9.1
2014,10,3,0.6,19.6,10.7,18.7
2014,10,4,0.2,26.3,8.7,21.2
2014,10,5,0,17.4,13.7,20.8
2014,10,6,0,25.4,9.1,2.8
2014,10,7,1,17.2,12.1,16.7
2014,10,8,1,18.6,9,10.7
2014,10,9,0,21.9,9.4,21.6
2014,10,10,0,24.5,13.8,10.9
2014,10,11,0,20,13.7,18.2
2014,10,12,0,26.9,9.4,21.9
2014,10,13,4.4,14.6,9.7,16.2
2014,10,14,6,15.6,8.6,20.5
2014,10,15,0.2,15.4,5.9,17.9
2014,10,16,0,15.6,11,13.7
2014,10,17,3.4,16.3,10.2,25.2
2014,10,18,0,24.6,8,15.7
2014,10,19,0,29.2,13.5,16.9
2014,10,20,0,20.7,10.2,26.4
2014,10,21,0,28.2,8,25.8
2014,10,22,0,32.3,13.1,23.5
2014,10,23,0,22.3,14.8,12
2014,10,24,0,30.3,14.6,23.3
2014,10,25,0,18.2,14.1,18.4
2014,10,26,0,24.7,13.8,18.6
2014,10,27,22.4,19.4,13.5,16.4
2014,10,28,3.6,19.5,11.6,12.2
2014,10,29,0.4,21.8,10.7,20.6
2014,10,30,0,21.3,13.4,23.8
2014,10,31,0,32.3,10.4,24.1
2014,11,1,6,17.2,13.4,19.8
2014,11,2,0.2,15.4,9.1,19.9
2014,11,3,0,23.1,11,26.1
2014,11,4,0,28.8,12.5,18.4
2014,11,5,0,16.8,12.5,25.8
2014,11,6,0,22.5,11,28
2014,11,7,0,32.1,11.1,28.6
2014,11,8,0,34.9,18,27.3
2014,11,9,0.2,17.5,12.6,29
2014,11,10,0,19.6,11,26.2
2014,11,11,0,17,12.2,25.8
2014,11,12,0,22.8,7.9,29.9
2014,11,13,0,30.6,12.7,23.5
2014,11,14,0,18.9,17.7,10.2
2014,11,15,0,17.6,12.1,11.8
2014,11,16,36.6,17.6,10.6,14.7
2014,11,17,0.6,19.1,12.2,20.6
2014,11,18,0,19.9,10.9,24.6
2014,11,19,0,29.2,11.4,29.3
2014,11,20,0,28.4,15.4,2.9
2014,11,21,0.8,22.2,16.2,25.4
2014,11,22,0,31,12.9,14.3
2014,11,23,0,24.5,16.5,27.3
2014,11,24,1.2,19.7,14.5,2.4
2014,11,25,12.6,20.9,11.5,23
2014,11,26,0,18.9,12,15.4
2014,11,27,0,18.3,13.1,29.1
2014,11,28,0,18.8,11.4,29.1
2014,11,29,0,24.1,11.9,29.6
2014,11,30,0,35,15.6,27.7
2014,12,1,0,28.1,20.8,21.4
2014,12,2,0.4,24.3,16.1,29.7
2014,12,3,0,23.9,16.2,5
2014,12,4,9,25.6,17.5,28.1
2014,12,5,0,20.4,17.4,5.2
2014,12,6,2.6,22.7,15.4,14.7
2014,12,7,14.8,17.8,13.8,6.4
2014,12,8,2.2,20.1,14.1,29.7
2014,12,9,0,19,15.3,28.7
2014,12,10,0,20,12.7,7.3
2014,12,11,0.8,19.8,15.9,25.8
2014,12,12,0,26.6,14,33
2014,12,13,0,30.7,14.4,32.7
2014,12,14,0,25.1,18.9,27.1
2014,12,15,0,22.9,15.3,26.5
2014,12,16,0,32.3,16,23.9
2014,12,17,0,21.6,12.2,31.9
2014,12,18,0,24.8,11.6,17
2014,12,19,1.6,19.3,11.4,28.9
2014,12,20,0,22.5,12.5,32.3
2014,12,21,0,33.1,13.1,31.8
2014,12,22,0,23.6,17.2,18.7
2014,12,23,1,26.5,19.7,11.6
2014,12,24,0.6,21.3,14.4,33.4
2014,12,25,0,23,13.4,32.7
2014,12,26,3.4,18.9,10.8,31.8
2014,12,27,0,21.1,12.5,33.8
2014,12,28,0,32,12.2,31.6
2014,12,29,0,26.2,16.7,12.6
2014,12,30,0.2,23.4,13.5,25.7
2014,12,31,0.4,25.3,12.6,32
2015,1,1,0,26.9,13.3,23.6
2015,1,2,0,38.8,15.4,26.8
2015,1,3,0,38.2,20,26.5
2015,1,4,4.2,21.4,16.3,25.2
2015,1,5,0,22,15,30.7
2015,1,6,0,26,17.7,31.6
2015,1,7,0,37.4,18.9,20.7
2015,1,8,19.4,28.2,23.1,13.5
2015,1,9,1.2,18,16.5,3.1
2015,1,10,5.2,21.7,13.6,5.6
2015,1,11,0,27.5,15.6,29.9
2015,1,12,0,31.3,16.1,31.6
2015,1,13,0,25.6,20.2,4.2
2015,1,14,15.8,22.7,18.3,15.2
2015,1,15,0,20,15.8,14.6
2015,1,16,0,27.3,13.1,30.3
2015,1,17,0,25,15.9,27.5
2015,1,18,0,19.5,15.3,23.4
2015,1,19,0,23.6,13.5,29
2015,1,20,0,30.4,13,19.6
2015,1,21,0,33.1,19.7,25.8
2015,1,22,0,35.8,18.7,23.1
2015,1,23,0,25,20.2,28.6
2015,1,24,0,26.3,15.8,30.3
2015,1,25,0,22,14.7,25.4
2015,1,26,1,19.8,11.6,19.9
2015,1,27,0.6,19.1,11.7,17.7
2015,1,28,0,25.4,13.3,27
2015,1,29,0,22.2,12.8,28.9
2015,1,30,0,21,13.1,27.6
2015,1,31,0,20.2,14.3,26.2
2015,2,1,9.2,19,13.2,17.3
2015,2,2,3.8,21.1,13.5,23.9
2015,2,3,0,20,16.1,22.7
2015,2,4,0,19,14.8,21.2
2015,2,5,0,24.2,13.3,28.8
2015,2,6,0,35.7,14.5,28.4
2015,2,7,0,35,18.8,16.1
2015,2,8,0,21.5,18.9,16.6
2015,2,9,0,28.3,13.6,28.6
2015,2,10,0,27.8,16.4,27.7
2015,2,11,0,26.8,18.1,24.1
2015,2,12,0,21.9,17.8,23.8
2015,2,13,0,32.4,16.1,14.9
2015,2,14,19.6,25.1,19,20.8
2015,2,15,0.4,34.4,18.2,25.7
2015,2,16,0,24.6,17.4,26.3
2015,2,17,0,20.6,17.6,8.3
2015,2,18,0,21.2,17.7,7.8
2015,2,19,0,26.9,18.2,24.7
2015,2,20,0,25.3,17.4,24.7
2015,2,21,0,36.1,18.1,20
2015,2,22,1.6,35.3,20.3,11.7
2015,2,23,0,29.3,21.1,4.7
2015,2,24,3.2,20.1,15.9,21.4
2015,2,25,0,27,14,24.1
2015,2,26,0,23.2,16,18.5
2015,2,27,0,24.3,14.8,21.7
2015,2,28,0,32.3,17.9,6.9
2015,3,1,15.8,20.8,15.2,23.3
2015,3,2,0,23,11.6,22
2015,3,3,0,22.7,15.5,21.2
2015,3,4,0,23.5,15.4,23
2015,3,5,0.8,18.6,12.6,22.5
2015,3,6,0.2,21.1,14.1,10.8
2015,3,7,0.2,22.6,15.4,10.8
2015,3,8,0,24.4,16.2,20.4
2015,3,9,0,23.8,14.4,18.6
2015,3,10,0,21.7,16.2,22.1
2015,3,11,0,23.8,11.2,22.3
2015,3,12,0,19.9,13,18.7
2015,3,13,0,20.4,14.4,21.2
2015,3,14,0,30.1,9.4,20
2015,3,15,2.2,18.3,13.1,17.5
2015,3,16,0,25.5,10.5,14.5
2015,3,17,0,26.2,13,4.8
2015,3,18,1.4,24.4,17.8,9.4
2015,3,19,0,33.5,16.5,15.1
2015,3,20,0,19.6,14.2,19.9
2015,3,21,0,22.7,11.9,20.8
2015,3,22,0,28.8,11.3,19.9
2015,3,23,0,27,13.6,3.9
2015,3,24,1.4,15.3,12.6,3.8
2015,3,25,0.4,20.4,13,13.8
2015,3,26,0.4,18,9.8,9.9
2015,3,27,0.2,18.1,11.6,11.2
2015,3,28,0,19.1,12.7,14.4
2015,3,29,0,22.7,8.5,18.6
2015,3,30,0,23.1,10.6,18.1
2015,3,31,0,25.3,11.2,18.1
2015,4,1,0,29,13.3,10.7
2015,4,2,0.2,17.2,12.8,17.5
2015,4,3,0,20.9,8,17.4
2015,4,4,0,23.5,8.5,16.2
2015,4,5,0,18.5,10.2,9.8
2015,4,6,0,18.4,11.2,13
2015,4,7,0,17.3,12.4,3.9
2015,4,8,5.6,17.7,13.3,12.6
2015,4,9,0,19.1,8.7,10.9
2015,4,10,0,18.7,8.6,15.9
2015,4,11,0,23.7,11.6,14.9
2015,4,12,0,18.3,12.1,13.4
2015,4,13,0,19.1,7.3,14.9
2015,4,14,1.6,24.7,10.5,8.4
2015,4,15,2.4,27.6,13.9,12.8
2015,4,16,0,17.8,15.6,10.9
2015,4,17,0,17.1,10.1,7.5
2015,4,18,3.6,21.9,13.5,9.9
2015,4,19,6.4,14.7,9.7,11
2015,4,20,1.4,16.2,7,12.7
2015,4,21,0,17.7,6.5,13.8
2015,4,22,0,19.5,9.1,7.1
2015,4,23,0,19.2,12.2,7.5
2015,4,24,0,21.1,14.4,7.8
2015,4,25,3,15,11.6,3.5
2015,4,26,7,15.4,10.4,5.9
2015,4,27,4,15.1,10.5,8.3
2015,4,28,1.6,16,10.1,8.9
2015,4,29,0,17.1,7.4,12.6
2015,4,30,0,19.6,6.4,12.3
2015,5,1,0,23.1,7.9,12.1
2015,5,2,0,22.2,11.6,6.1
2015,5,3,0,18.2,9.7,11.2
2015,5,4,0,22.3,7.5,11.6
2015,5,5,0.6,18.1,9.2,7.1
2015,5,6,1.4,16.2,9.5,7.6
2015,5,7,2.2,15.6,10.3,6.9
2015,5,8,0.2,15.9,10.5,5.9
2015,5,9,0,18.7,12.8,7.3
2015,5,10,8.6,16.6,12.8,5.9
2015,5,11,2.6,15.9,12.4,7.9
2015,5,12,0,17.4,12.8,5.9
2015,5,13,6.8,12.8,6.3,8.7
2015,5,14,4.4,14.6,7.3,6.7
2015,5,15,1.8,14.5,11.5,6.2
2015,5,16,0,16.2,11.3,10.4
2015,5,17,0,20.5,7.4,10.3
2015,5,18,0,20.4,7.2,10.2
2015,5,19,0,16.2,9.9,3.2
2015,5,20,2.4,18.1,13.6,6
2015,5,21,6.2,13.6,10.3,3.5
2015,5,22,0.4,14.1,9.1,6.7
2015,5,23,0,13.3,10.4,7.7
2015,5,24,0,15.6,6,8.6
2015,5,25,0,17.1,7.4,8.1
2015,5,26,0,15.6,5.4,6.8
2015,5,27,0,18.7,7.9,7.4
2015,5,28,0,19.7,13.1,8.4
2015,5,29,0,15.8,9.5,6.6
2015,5,30,0,17.3,11,8
2015,5,31,0,16.8,12.3,4.9
2015,6,1,8.2,12.2,5.2,8.1
2015,6,2,4.2,11.4,7.1,4.6
2015,6,3,0.8,13.6,8.1,8.2
2015,6,4,0,11.3,4.4,5.5
2015,6,5,4.2,15,7,7
2015,6,6,0.2,16.6,9.2,6.4
2015,6,7,0,14.5,11.2,6.9
2015,6,8,0,18.5,11.1,8.2
2015,6,9,4,13.5,10.3,8.6
2015,6,10,0,13.4,7.5,7.1
2015,6,11,0,14,5.7,8.3
2015,6,12,0,13.1,5.2,6.9
2015,6,13,0,18.2,6,8
2015,6,14,0,17.4,5.8,8
2015,6,15,0,16.9,7.1,6.6
2015,6,16,5,16.1,9.5,3.3
2015,6,17,0,13.8,11.7,4.7
2015,6,18,1,12.7,10.7,4.2
2015,6,19,0.2,12.4,7,7.9
2015,6,20,0,11.6,4.1,7.1
2015,6,21,0,12.9,2.2,8.6
2015,6,22,0,14.1,3.6,6.2
2015,6,23,0,17.6,9.6,5.8
2015,6,24,0,16,12.2,7.7
2015,6,25,0,14,9.6,6.3
2015,6,26,0,16.9,10.5,7.1
2015,6,27,0,14.1,8,5
2015,6,28,0,14.5,9.6,4.1
2015,6,29,0,12.3,6.9,5.6
2015,6,30,0,14.2,5,7.9
2015,7,1,0,15,7.4,6.9
2015,7,2,0.6,11.9,10.3,7
2015,7,3,2.6,12,5.9,5
2015,7,4,0,10.6,7.3,2.8
2015,7,5,2,14.9,8.2,8.2
2015,7,6,1.6,11.5,7.5,4.4
2015,7,7,2.2,14.2,7.4,7
2015,7,8,0.2,14.8,4.9,8.5
2015,7,9,0,13.4,6.5,3.5
2015,7,10,0,14.3,7.6,5.8
2015,7,11,0.2,13.1,10.9,3.7
2015,7,12,1.6,12.3,3.4,2.9
2015,7,13,28.4,12.7,6.1,4.2
2015,7,14,3.8,9.8,8.1,4.8
2015,7,15,3.6,10.5,5.8,7.4
2015,7,16,0.2,12.3,6.6,8.1
2015,7,17,2.4,12.3,7.3,6.5
2015,7,18,0.4,11.5,6.1,9.5
2015,7,19,0,12.1,0.6,9.7
2015,7,20,0,14.7,1.8,9.7
2015,7,21,0,17,4.2,8.6
2015,7,22,1.6,16.6,11.4,6
2015,7,23,0,16.1,5.1,9.5
2015,7,24,1.2,15,7.6,4.4
2015,7,25,0.8,13.3,9.4,7.7
2015,7,26,3.2,11.6,8.1,8.5
2015,7,27,0.8,13.9,6.2,9.6
2015,7,28,0,14.4,7.9,10.2
2015,7,29,0,14,8.4,9
2015,7,30,0,12.3,8.6,4.5
2015,7,31,0.6,14,4.1,10.8
2015,8,1,0.2,11.4,6.5,4.2
2015,8,2,0,14.9,7.8,8.3
2015,8,3,6.4,10.8,7.3,9.4
2015,8,4,0,11.3,3.5,7.1
2015,8,5,1,10.8,6.6,8
2015,8,6,1.6,12.8,7.1,7
2015,8,7,1.4,13.1,9,9
2015,8,8,0.4,12.6,8.8,6.6
2015,8,9,0,13.3,7.7,6.9
2015,8,10,0.2,16,8.3,10.7
2015,8,11,0.8,14.8,7.8,11.7
2015,8,12,0,14.8,9.3,9.2
2015,8,13,0.2,13,8.4,7
2015,8,14,0,15.3,10.4,7.3
2015,8,15,0.4,14.9,10,10.9
2015,8,16,0.2,17,4.7,9.5
2015,8,17,2.4,12.2,6.8,9.9
2015,8,18,0.6,11.1,6.1,9.8
2015,8,19,0,12.7,5.5,10.2
2015,8,20,0,17.1,6.1,12.7
2015,8,21,0,18.7,10.9,4.1
2015,8,22,0,18.8,11.8,11.8
2015,8,23,0,16.3,7.9,13.1
2015,8,24,0,14.5,8.5,9.6
2015,8,25,0,14.3,9.5,8.1
2015,8,26,0.2,14.6,9.2,7.8
2015,8,27,0.8,11.7,9.8,2.7
2015,8,28,17.4,13.2,8.1,12.2
2015,8,29,1.8,11.7,6.3,9.1
2015,8,30,2.2,12.5,7.9,14.3
2015,8,31,0,13,8.1,11.5
2015,9,1,0,16.2,5.1,15.7
2015,9,2,0,18.8,8,10.5
2015,9,3,4.4,14,10.6,8
2015,9,4,0,13.7,8.7,13
2015,9,5,0,14,10.2,14.8
2015,9,6,0,16.6,5.8,11.8
2015,9,7,3.6,13.6,8.9,9.2
2015,9,8,2,12.8,8.8,11.1
2015,9,9,0,15.3,10,11.4
2015,9,10,0,15.7,10,17.3
2015,9,11,0,20.1,5.1,17.7
2015,9,12,0,21.7,12.2,10.2
2015,9,13,0,25.5,13.2,17.1
2015,9,14,0,26.7,15.4,17.8
2015,9,15,15.8,15.9,10.8,15
2015,9,16,0,14.8,8.9,17.6
2015,9,17,0.4,14.3,9,12.4
2015,9,18,0,14.7,10.5,8.1
2015,9,19,0,21.3,6.5,17
2015,9,20,0,22.9,8.5,17.3
2015,9,21,0,18.1,14,6.7
2015,9,22,4.4,12.7,7.6,17.4
2015,9,23,0,12.6,8.5,20.3
2015,9,24,0,14.3,5.1,18.2
2015,9,25,0,19.1,5.8,20.2
2015,9,26,0,17.9,6.6,20.1
2015,9,27,0,20.2,9.8,19.6
2015,9,28,0,21.4,8.3,13.6
2015,9,29,0,16.9,9,13.5
2015,9,30,0,15.9,11.5,16.8
2015,10,1,0,21.6,6,21.7
2015,10,2,0,28.6,9.9,21.7
2015,10,3,0,31.3,16.3,22.2
2015,10,4,0,24.9,13.9,22.2
2015,10,5,0,34.4,12.7,22
2015,10,6,0,35.8,15.5,18.9
2015,10,7,0,16.2,11.8,23.6
2015,10,8,0,18.6,7.6,23.3
2015,10,9,0,29.9,10.9,22
2015,10,10,0,29.2,17.5,11.9
2015,10,11,0.4,19.2,16.9,19.6
2015,10,12,0.6,16.1,11.3,13.4
2015,10,13,0.4,17.6,7.9,24.3
2015,10,14,0,28.6,11.2,24.4
2015,10,15,0,34,14.4,22.2
2015,10,16,0,23.8,17,8.4
2015,10,17,0,20.5,11.5,20.4
2015,10,18,0,17.7,12.6,24.2
2015,10,19,0,26.7,8.3,25.8
2015,10,20,0,31.8,12.9,14.4
2015,10,21,2.4,18.3,17.6,7.3
2015,10,22,7,16.7,11.4,8.5
2015,10,23,0,16.4,11.8,21
2015,10,24,0,19.5,9.2,25.1
2015,10,25,0,31.3,10.2,20.1
2015,10,26,0.2,15.9,14,14.5
2015,10,27,0.2,23.3,10.4,28.1
2015,10,28,0,26.8,10.1,27.6
2015,10,29,0,26.1,13.7,26.8
2015,10,30,0,27.4,12.6,22.6
2015,10,31,1,25.9,15.7,13.5
2015,11,1,4.4,26,16.4,10
2015,11,2,0,16,14.5,8.2
2015,11,3,0.2,17.9,8,25.4
2015,11,4,0,27.2,10.9,19.6
2015,11,5,12.2,24.7,16.2,16.4
2015,11,6,17.6,18.7,16.6,3.7
2015,11,7,1.2,16.8,11.9,25.2
2015,11,8,0,24.8,8.5,25.1
2015,11,9,0,33.1,13.6,26.4
2015,11,10,0,16.4,15.2,5.3
2015,11,11,2,20.1,11.5,16
2015,11,12,0,21.2,13.7,19.2
2015,11,13,0.4,18.2,13.5,26.1
2015,11,14,0.2,18.3,12.1,27.5
2015,11,15,0.2,18.5,13,27.6
2015,11,16,0.2,26.3,11.4,29.4
2015,11,17,0,33.3,15.7,24
2015,11,18,0,29.5,14.7,29.2
2015,11,19,0,31.5,15.6,20.6
2015,11,20,0.4,19.1,15.4,6.4
2015,11,21,3.6,17.5,12.2,20.9
2015,11,22,0,20,13.5,27.3
2015,11,23,0,20.7,13.8,27.3
2015,11,24,0,24.5,13.6,30
2015,11,25,0,33.3,13.5,9.3
2015,11,26,0,17.4,10.8,23.3
2015,11,27,0.4,18.2,9,16.8
2015,11,28,0,20.1,12,27.1
2015,11,29,0,20.3,12.6,23.4
2015,11,30,0,32.2,10,26.6
2015,12,1,1.8,24.6,14.5,24.4
2015,12,2,0,17.5,9.2,32.4
2015,12,3,0,21.3,12.2,30.1
2015,12,4,0,30.8,11.3,32.2
2015,12,5,0,25.3,15.5,27.9
2015,12,6,0,29.8,15.3,13.5
2015,12,7,0,27.3,18.1,8.7
2015,12,8,0.8,35.4,20.3,19.8
2015,12,9,0,24.6,15.4,27
2015,12,10,0,26,13.1,32
2015,12,11,0,19.2,14.2,13
2015,12,12,2,18.3,10.1,27.9
2015,12,13,0,28.3,10.3,28.6
2015,12,14,0,22.7,11.9,31.6
2015,12,15,0,24.6,14.4,30.3
2015,12,16,0,27.5,15.6,32.5
2015,12,17,0,37.2,16.9,33.1
2015,12,18,0,35.4,19.4,31.2
2015,12,19,0,41.2,19.2,20.5
2015,12,20,0,37.8,25.9,10.4
2015,12,21,6,20.2,15,25.4
2015,12,22,0,22.8,12,32.9
2015,12,23,0,26,15.1,32.4
2015,12,24,0.4,34.6,16.7,32.8
2015,12,25,0,34.1,21.7,33.3
2015,12,26,30.6,20,12.7,19.2
2015,12,27,5.2,19.4,11.9,27.6
2015,12,28,0,20.8,12.8,33.2
2015,12,29,0,23.9,12.4,33
2015,12,30,0,34.7,13.9,32.8
2015,12,31,0,39.7,19.7,29.6
2016,1,1,0,24.2,19.8,22
2016,1,2,0,27.6,17.1,25.1
2016,1,3,0,27.1,17.5,25.7
2016,1,4,0,26,16.3,15.3
2016,1,5,0,25.7,17.1,25.8
2016,1,6,0,25.7,17.3,18.1
2016,1,7,0,21.3,16.3,30.4
2016,1,8,0,20.6,16.2,25.4
2016,1,9,0,21.4,16.8,21.3
2016,1,10,0,31.5,15.7,31.3
2016,1,11,0,36.4,17.2,15.8
2016,1,12,0.8,24.8,17.1,29.1
2016,1,13,0.2,42.2,16.8,25
2016,1,14,0.4,18.1,16.1,3.9
2016,1,15,1,19.2,13.6,19.7
2016,1,16,0,22.3,11.9,32.6
2016,1,17,0,32.7,14.9,31.5
2016,1,18,0,35.3,18.6,30.4
2016,1,19,0,30.9,17.9,27.2
2016,1,20,1,29.1,19.3,18.6
2016,1,21,0.8,26.7,19,14.9
2016,1,22,1.6,22.8,17.5,6.5
2016,1,23,7,21.9,17.3,23.2
2016,1,24,5.2,22.2,16.2,23.4
2016,1,25,0.4,20.9,16.7,25.7
2016,1,26,0,29.4,16.5,28.7
2016,1,27,0,29.5,19.3,22.2
2016,1,28,3.6,27.5,20.3,19
2016,1,29,14.2,18.3,14.4,14.3
2016,1,30,1.2,22.4,12.3,24
2016,1,31,10.6,21.8,13.9,26.3
2016,2,1,0,23.6,12.5,29.4
2016,2,2,0,31.5,15.4,25.5
2016,2,3,0.6,21,18.1,11
2016,2,4,2.4,20.9,17.3,21.7
2016,2,5,0,29.4,15.3,29
2016,2,6,0,32.6,16.5,28.8
2016,2,7,0,27.7,19.1,28.5
2016,2,8,0,22.9,19.2,23.3
2016,2,9,0,22.7,17.4,27.7
2016,2,10,0,23.3,17.4,25.3
2016,2,11,0,23.8,18,27.6
2016,2,12,0,24.9,16.7,27.9
2016,2,13,0,30.3,17.7,23.4
2016,2,14,0,24.5,16.4,22.9
2016,2,15,0,26.1,14,25.4
2016,2,16,3.6,18.4,13.7,14.5
2016,2,17,0.6,21.1,12.7,16.2
2016,2,18,1.2,22.6,15.5,20.6
2016,2,19,0.2,22,15.8,11.2
2016,2,20,0,20.8,15.8,23.8
2016,2,21,0,24.7,12.6,26.5
2016,2,22,0,29.5,15.6,8.4
2016,2,23,0,39.4,18.1,19.4
2016,2,24,0,25.6,22.4,15.8
2016,2,25,0.4,26.4,19.6,13.8
2016,2,26,0,23.5,15.5,19.3
2016,2,27,0,22.2,17.7,17.7
2016,2,28,0,22.7,17.7,21.5
2016,2,29,0,23.7,15,18.2
2016,3,1,0,33.7,17.3,23.4
2016,3,2,0,34.7,17.6,22.6
2016,3,3,0.2,23.9,17.4,21.8
2016,3,4,0.2,33,16.5,21.2
2016,3,5,1.2,23.7,20.4,11.4
2016,3,6,0,25.2,17.4,21.3
2016,3,7,3.2,24.9,18.6,7.9
2016,3,8,0.6,38.9,19.9,20.8
2016,3,9,0,28.5,20.8,10.8
2016,3,10,0.6,22.1,18.1,3.9
2016,3,11,8.4,26.1,18.8,19.6
2016,3,12,0.2,22.3,18.7,7
2016,3,13,0,23.2,17.7,13.8
2016,3,14,0,21.3,18.4,10.6
2016,3,15,0,26.8,15.1,20.7
2016,3,16,0,31.4,15.3,18.9
2016,3,17,0,32.5,18.3,19.6
2016,3,18,13.4,19.5,15.2,6.7
2016,3,19,5.8,18.8,12,10.7
2016,3,20,0.2,23.3,10.1,19
2016,3,21,0,23.5,11.2,19.7
2016,3,22,0,24.3,11.4,21.1
2016,3,23,0,28.8,13.7,12.7
2016,3,24,0,21.2,16.3,10.4
2016,3,25,0,20.4,15.9,14.4
2016,3,26,0.4,20.2,14.1,8.2
2016,3,27,1,19.9,14.3,14
2016,3,28,0.2,19.2,9.4,13
2016,3,29,0,17.9,14.5,5.7
2016,3,30,0,18.7,15.5,8.5
2016,3,31,0,22.7,11.3,17.1
2016,4,1,0,26.5,13.1,16.7
2016,4,2,0,19.5,15.5,8.3
2016,4,3,0,18.8,11.3,15.4
2016,4,4,0,21.2,9.7,18.4
2016,4,5,0,29,12.3,17.1
2016,4,6,12.8,15.6,13.6,3.9
2016,4,7,6.8,18.4,8.3,13.1
2016,4,8,0,20,11.9,9.6
2016,4,9,0,22.3,10.4,13
2016,4,10,0,23.5,13.6,9.6
2016,4,11,0,20.1,14.5,14.1
2016,4,12,0.2,18.7,14,13.5
2016,4,13,0.2,20,11.3,12.6
2016,4,14,0,27,11.6,12.7
2016,4,15,0,27,13.4,15.9
2016,4,16,0,20.3,14,8.3
2016,4,17,0,19.8,13.1,14.7
2016,4,18,0,25,9.8,15
2016,4,19,0,27.4,13.6,14.5
2016,4,20,0,28,15.3,14
2016,4,21,0.4,24.2,17.1,5.6
2016,4,22,21.6,16.7,14.6,7.9
2016,4,23,0,18.6,12.3,8.5
2016,4,24,0,20,9.1,14.8
2016,4,25,0,25,9.9,14.8
2016,4,26,0,25.6,11.3,14.6
2016,4,27,0,25.4,13,13.5
2016,4,28,0,24.9,19.8,5.3
2016,4,29,0.4,20.6,16.9,3.7
2016,4,30,6.2,24.1,16.4,12.7
2016,5,1,9.8,17,14.4,9
2016,5,2,0.4,18.4,9,12.3
2016,5,3,0,20.1,12.3,8.8
2016,5,4,0.2,18.2,9.8,11.8
2016,5,5,0,20.5,12.6,12.3
2016,5,6,0,24.7,15.9,13.2
2016,5,7,0,25.7,11.4,12.6
2016,5,8,5.4,20.4,15.5,3.5
2016,5,9,0.8,22.2,15.4,6.7
2016,5,10,12,17.2,13.7,7.6
2016,5,11,0.2,17.4,12.2,6.3
2016,5,12,0.2,21.4,14.1,6.1
2016,5,13,0,21.6,15.9,9.9
2016,5,14,0,21.7,14.5,12.6
2016,5,15,0,22,15,6.7
2016,5,16,0,19.6,7.7,8.9
2016,5,17,0.2,17.1,11.4,5.4
2016,5,18,0,19.3,13,7.2
2016,5,19,0,18.4,14.6,2.2
2016,5,20,1.8,17.4,11.6,8.3
2016,5,21,0,18.5,8.1,8.9
2016,5,22,0,22.2,9.2,8.5
2016,5,23,2.2,17.2,12.8,7.1
2016,5,24,1.8,15.8,10.7,7.3
2016,5,25,0,15.6,7.6,4.9
2016,5,26,12.4,12.5,10.3,3.1
2016,5,27,4.8,14.4,9.2,8
2016,5,28,0.6,13.2,5.7,6.2
2016,5,29,4.2,13.9,8.7,6.5
2016,5,30,0,15.4,7.2,9.5
2016,5,31,0,17.4,3.6,9.5
2016,6,1,0,17,4.8,8.2
2016,6,2,0,12.8,4.8,9.2
2016,6,3,0,14.1,6.8,8.5
2016,6,4,6.2,13.4,9.8,3.7
2016,6,5,3.4,14.1,10.5,3.3
2016,6,6,1.4,14.5,8.9,7.1
2016,6,7,0,15.3,10.5,4.7
2016,6,8,1.2,14.7,9.7,4.7
2016,6,9,1.4,17.5,10.8,6
2016,6,10,0,15.8,10.4,6.6
2016,6,11,3,13.5,9,6.5
2016,6,12,0.6,13.8,5,7.3
2016,6,13,0,13.4,3.8,9
2016,6,14,0,15.6,8.6,8.3
2016,6,15,0,17.9,6,9.2
2016,6,16,0,14.3,7.8,5.1
2016,6,17,4.2,15.1,9.3,3.5
2016,6,18,8.6,12.7,10,5.3
2016,6,19,0.4,13.5,7.3,7.2
2016,6,20,3.6,13.2,9.1,3.4
2016,6,21,3.2,14.7,10.4,7
2016,6,22,0,15.4,11.2,6.6
2016,6,23,0.6,14.8,10.4,7.2
2016,6,24,13.8,10.7,6.9,5.8
2016,6,25,2,12.7,5.6,8.8
2016,6,26,0.2,11.1,3,7.7
2016,6,27,0.2,10.6,4.8,4.7
2016,6,28,0.2,17,5,7.8
2016,6,29,0.2,15.8,8.9,8.9
2016,6,30,0,11.7,10.3,5.6
2016,7,1,6.4,14.1,7.3,7.1
2016,7,2,0.2,16.5,9.9,6.7
2016,7,3,0,16.7,10.9,7.8
2016,7,4,0,12.7,10.4,3.6
2016,7,5,0.6,12.8,8.2,1.8
2016,7,6,22.6,13,9.8,4.6
2016,7,7,3.8,13.7,10.5,4.1
2016,7,8,0.8,15.3,9.7,7.4
2016,7,9,0.2,15.2,5.3,9.5
2016,7,10,0,14.2,6.5,3.6
2016,7,11,3.6,16,8.3,7.6
2016,7,12,0,13.7,10.7,8.1
2016,7,13,0.4,12,4.5,9
2016,7,14,1,14,6.6,7.8
2016,7,15,0,14.1,8.8,7.2
2016,7,16,0,13.7,7.8,10.2
2016,7,17,0,16.1,3.1,10.3
2016,7,18,0,17.7,9.6,8.8
2016,7,19,0,16,12.6,5.7
2016,7,20,1.8,16.1,9.8,9.2
2016,7,21,1.8,18.1,6.9,7.4
2016,7,22,7.8,18.3,9.2,5.1
2016,7,23,2.8,11.6,7.5,9
2016,7,24,0.8,11.4,4.7,10.3
2016,7,25,0,14.3,6.3,7.5
2016,7,26,4.8,11,6.5,7.2
2016,7,27,0.4,12.9,7.5,6.9
2016,7,28,0,15.2,6.9,6.3
2016,7,29,0,15.3,10.2,5
2016,7,30,2.4,13.8,9.1,8.5
2016,7,31,2,17,10.3,11.3
2016,8,1,2.8,14.4,11.2,5.2
2016,8,2,14.4,13.4,8.5,11.2
2016,8,3,2.8,12.8,8.7,8.4
2016,8,4,0.8,14.6,4.9,11.1
2016,8,5,0,14.6,3.4,8.7
2016,8,6,0,14.4,5.8,7
2016,8,7,0,16.6,7.6,10.4
2016,8,8,0,14.2,5,8
2016,8,9,0,18.9,9.7,7.8
2016,8,10,0,15.3,9.6,11.3
2016,8,11,8.2,15.7,6.8,10.3
2016,8,12,0,14.1,7.7,11.7
2016,8,13,1.6,15.1,7.9,9.5
2016,8,14,0.2,18.7,8.5,11.6
2016,8,15,0,18.1,10.2,13.4
2016,8,16,0,18.2,10,13.5
2016,8,17,0.4,15.6,12.5,9.6
2016,8,18,0,21.6,7.1,13.1
2016,8,19,0.2,16.4,15.3,2.7
2016,8,20,9.4,13.6,6.9,9.7
2016,8,21,1.2,14.8,9.5,7
2016,8,22,5.6,16,7.8,8.7
2016,8,23,11,13.4,7,14.2
2016,8,24,0,12.7,3.7,14
2016,8,25,1.2,13,6.5,13.5
2016,8,26,0.6,14.4,7.2,8.8
2016,8,27,0,16.3,9.3,11.7
2016,8,28,0,19,10.5,12.2
2016,8,29,0,20.4,8.7,14.2
2016,8,30,0,16.8,10.2,5.2
2016,8,31,0.8,20.2,12.8,10.1
2016,9,1,0,15.5,11.6,8.8
2016,9,2,0.4,15,9.6,9.6
2016,9,3,0.2,15.7,10,12.9
2016,9,4,0.2,16.9,10.1,10
2016,9,5,0,18.4,12.8,11.7
2016,9,6,0,21.5,9.2,15.8
2016,9,7,0,21,9.6,16.7
2016,9,8,0,23.3,13.1,16
2016,9,9,0.6,16.7,16,5.9
2016,9,10,9.4,14.3,11.5,7.9
2016,9,11,1.2,17,7.3,11.8
2016,9,12,1.6,13.6,9.9,7
2016,9,13,9,14.6,9.6,2.8
2016,9,14,20.6,16.1,10.5,13.2
2016,9,15,2,14.6,8.7,6.9
2016,9,16,13.4,15.7,9,12.5
2016,9,17,0,19.8,11.1,18.8
2016,9,18,0.4,12.5,10.8,5.5
2016,9,19,0.2,16.3,8.5,16.2
2016,9,20,0,18.8,9.1,18.5
2016,9,21,1.2,15.2,10.9,8.8
2016,9,22,1.2,13.4,9.6,9.9
2016,9,23,0.6,16.5,9.8,16.5
2016,9,24,0,20.1,10,18.4
2016,9,25,5.8,14.7,9.5,17.1
2016,9,26,0.6,16.9,8.1,13.6
2016,9,27,12.6,14.8,7.4,13.4
2016,9,28,2.2,19.3,7.5,19.6
2016,9,29,1.8,16.7,12.5,16.2
2016,9,30,2,16.4,9.3,16.6
2016,10,1,1.6,18.6,11.6,11.9
2016,10,2,0,24,12.1,18.7
2016,10,3,9.2,15.9,11.1,13.7
2016,10,4,2,17.1,10.6,13.2
2016,10,5,2.8,17.1,8,7.5
2016,10,6,0,27.2,9.7,22.6
2016,10,7,0,22.5,14.1,7.8
2016,10,8,0,16.9,9.7,23
2016,10,9,0,22,9.5,14.1
2016,10,10,0.8,16.8,13,18.4
2016,10,11,1.4,15.1,7.5,16.7
2016,10,12,0,15.4,10.2,12.9
2016,10,13,4.2,14.6,6.8,22.8
2016,10,14,0.2,22.7,5.2,24.5
2016,10,15,0,24.8,9.4,21.8
2016,10,16,0,23.1,17.4,8
2016,10,17,9.8,18.9,9.8,14.8
2016,10,18,1,16.6,9.6,16.5
2016,10,19,2.6,16.5,7.5,22.1
2016,10,20,0,21.8,6.8,25.6
2016,10,21,0,17.6,14.8,1.9
2016,10,22,16.4,13.2,6.9,16.9
2016,10,23,8.8,14.1,7.9,18.7
2016,10,24,0.4,17.1,9.4,20.3
2016,10,25,0.2,25.7,9.6,23.1
2016,10,26,0,18.5,16.5,9
2016,10,27,0.2,15.4,10.1,25.8
2016,10,28,0,16.6,6.3,26.5
2016,10,29,0,25.6,9.3,25.8
2016,10,30,0,28,12.7,19.5
2016,10,31,1.8,17.5,7.9,19
2016,11,1,0.4,18.4,9.4,17.7
2016,11,2,0.4,18.5,9.7,13.3
2016,11,3,0,19.1,10,28
2016,11,4,0,29.2,10.2,24.9
2016,11,5,0,16.8,10,10.8
2016,11,6,0,21.4,11.5,25.2
2016,11,7,0,25.9,14.6,15.9
2016,11,8,0.2,18.2,11,28.9
2016,11,9,0,17.4,9.2,22
2016,11,10,0,17.5,11.9,20.3
2016,11,11,0,23.8,8.4,29.1
2016,11,12,2,25.5,13.2,17
2016,11,13,2,19,11.7,9.7
2016,11,14,8.6,15.9,11.5,14.8
2016,11,15,0,19.2,11,17.1
2016,11,16,0,21.6,11.9,25.8
2016,11,17,0,31.4,12,28.8
2016,11,18,0,18.9,15.3,15.6
2016,11,19,0,19.4,11.7,29.9
2016,11,20,0,33.3,11.9,22.1
2016,11,21,0,35,17.9,19.8
2016,11,22,8.6,14.9,14.5,1.5
2016,11,23,5.4,16.8,11,16.9
2016,11,24,2.2,17,10.3,21.6
2016,11,25,0.8,17.9,10.9,15.7
2016,11,26,0,17.4,12.2,18.8
2016,11,27,0.4,16.3,11.6,10.1
2016,11,28,0.2,19.6,12.2,24.4
2016,11,29,0.2,20,10.4,31
2016,11,30,0,18.9,13.3,9.6
2016,12,1,0,21.9,12.9,28
2016,12,2,0,21.6,13,29.7
2016,12,3,0,23.9,9.9,31.2
2016,12,4,0,31.7,12.7,14.1
2016,12,5,2.4,21.5,16.9,21.6
2016,12,6,0,20.8,12.8,24.2
2016,12,7,0,28.3,10.5,30.8
2016,12,8,2.2,23.2,15.4,11.6
2016,12,9,6.6,17.3,10,23.2
2016,12,10,0.2,18.8,11.2,24.2
2016,12,11,1,19.3,12.9,27
2016,12,12,0,32.8,10.7,30
2016,12,13,0,36.3,16.5,14.1
2016,12,14,0,19.3,15.7,21.3
2016,12,15,0,18.6,11.7,30.8
2016,12,16,0,25.5,9.7,20.5
2016,12,17,0,20.9,15.1,22.5
2016,12,18,0,17.5,10,30.3
2016,12,19,0,30.2,8.8,29.3
2016,12,20,3,21.5,14.4,26
2016,12,21,0.2,19.9,13.5,28.8
2016,12,22,0,20,14.6,29.6
2016,12,23,0,26.3,12.5,28.7
2016,12,24,0.8,34.9,16.2,26.3
2016,12,25,0.2,36.3,16.4,32.3
2016,12,26,0,29.3,25.4,10.2
2016,12,27,1.6,29.8,18,5.8
2016,12,28,1,38.2,20.3,15.1
2016,12,29,0,33.5,27,15.7
2016,12,30,20.4,27.8,20.1,28.8
2016,12,31,0,23.8,17.3,30.8
2017,1,1,0,21.1,16.8,8.5
2017,1,2,0.4,17.8,14.8,7.8
2017,1,3,0.4,19.5,14.6,25.9
2017,1,4,0,29.3,13.3,31.6
2017,1,5,0,31.7,18.5,29.7
2017,1,6,0,35.2,18.3,30.1
2017,1,7,0,36.7,20.9,28.5
2017,1,8,0,33.1,28,29.3
2017,1,9,0,24.4,18.5,14.3
2017,1,10,0,26.2,17.7,28.6
2017,1,11,0,24.3,16.6,25.9
2017,1,12,0,26.5,14.9,30.7
2017,1,13,1.4,28.8,17.5,1.3
2017,1,14,2.6,23.5,15.2,16.5
2017,1,15,0,21.5,15.2,22.7
2017,1,16,0,32.7,12.2,30.5
2017,1,17,0,37.8,16.4,25.5
2017,1,18,0,20.8,15.6,27.5
2017,1,19,0,23.4,11,29.7
2017,1,20,22.6,20.8,16.1,13.2
2017,1,21,0.6,22.6,15.3,25.1
2017,1,22,0,29.6,12.7,30.3
2017,1,23,0,36.7,17.8,19.2
2017,1,24,0.6,22,19.1,27.6
2017,1,25,0,21.1,13.5,29.8
2017,1,26,0,21.2,16.4,16.9
2017,1,27,0,23.6,17,29.3
2017,1,28,0,29.2,15,29.2
2017,1,29,0,27,15.1,29.4
2017,1,30,0,30,17.8,3.7
2017,1,31,3,22.1,16.5,26.8
2017,2,1,0,20.6,14.3,9.3
2017,2,2,0,24.1,14.2,28.2
2017,2,3,0,27.6,15.4,28.1
2017,2,4,0,35.9,14.6,27.3
2017,2,5,0,30.7,18.5,9.3
2017,2,6,32.4,18,15.1,3.9
2017,2,7,0,27.6,15.4,27.9
2017,2,8,0,36,16.5,27.7
2017,2,9,0,36,20.3,24.4
2017,2,10,0,27.1,18.7,21.3
2017,2,11,0,24.6,18.5,21
2017,2,12,2,19.9,15.1,12.6
2017,2,13,0,21,14,20.5
2017,2,14,0.6,19.5,14.5,15.6
2017,2,15,0,31.5,10,26
2017,2,16,0,23.6,14.9,23.2
2017,2,17,0,25.5,13.7,18.4
2017,2,18,0,18.9,13.3,16.1
2017,2,19,0,17.3,11.7,9.9
2017,2,20,3.6,20.3,11.6,22.4
2017,2,21,0.2,24,10.1,25
2017,2,22,0,33.3,12.8,23.1
2017,2,23,0,25,15.9,23.5
2017,2,24,1.4,20,15.8,13.2
2017,2,25,0,19.4,13.7,23.9
2017,2,26,0,29.8,13.2,24.2
2017,2,27,0,33.1,15.6,23.9
2017,2,28,0,33.6,17.3,23.6
2017,3,1,0,30.5,16.6,23.7
2017,3,2,0,23.3,17.7,22
2017,3,3,0,28.6,18.1,18.1
2017,3,4,0,27.4,16.1,23
2017,3,5,0.2,25.4,17.6,16.8
2017,3,6,0,27.4,17.7,22.3
2017,3,7,0,28.2,15,22.4
2017,3,8,0,31.5,14.2,22.1
2017,3,9,0,32.3,15,21.1
2017,3,10,0,23.8,18.5,19.4
2017,3,11,0,26.4,18,13.9
2017,3,12,0,27.1,17.9,19.6
2017,3,13,0.2,24.3,15.7,20.7
2017,3,14,0,32.7,18.8,20.8
2017,3,15,0,33.2,20.8,18.9
2017,3,16,1.8,23,21.7,4.8
2017,3,17,0,22.1,15.8,20.1
2017,3,18,0,30.8,12.4,19.9
2017,3,19,0,33.5,14.5,19.7
2017,3,20,0,28,19.3,11.3
2017,3,21,4.4,26.1,19.9,6.1
2017,3,22,9.2,21.8,17.8,7.3
2017,3,23,0,25.1,16.2,17.2
2017,3,24,0,24.7,13.9,16.1
2017,3,25,0,29.7,15.3,13.5
2017,3,26,0,26.7,19.3,14.6
2017,3,27,0,31.9,19.3,7.6
2017,3,28,4.2,24.3,11.9,17.8
2017,3,29,0.2,27.2,13.9,14.7
2017,3,30,3.4,17.9,10.2,13
2017,3,31,2.8,17.9,10.1,12.3
2017,4,1,0,19,10,13.5
2017,4,2,0.4,18.2,11.7,10.1
2017,4,3,0,21.5,8.2,16.8
2017,4,4,0,24.4,10,16.4
2017,4,5,0,25.4,11,15.8
2017,4,6,0,26.6,12,13.5
2017,4,7,0,26.2,12.7,15.6
2017,4,8,0,28.1,18.6,13.8
2017,4,9,10.6,15.2,11.7,6.5
2017,4,10,25.4,17,9,3
2017,4,11,15.4,18.5,12.3,13.5
2017,4,12,0,19.3,10.8,14
2017,4,13,0,22.2,10.9,13.9
2017,4,14,0,17.9,13,8.9
2017,4,15,0,17.3,11.8,9.7
2017,4,16,0,22.6,9.9,10.1
2017,4,17,0,18.3,11.1,10.9
2017,4,18,0,20.4,9.5,13.7
2017,4,19,0,26.9,13,12.7
2017,4,20,0,26.5,14.6,12.4
2017,4,21,9.4,20.9,16.5,3.6
2017,4,22,4.6,22.5,16.9,11.8
2017,4,23,0,21.8,14.4,11.9
2017,4,24,0,24.7,15.9,9.9
2017,4,25,21.6,17.7,16.2,5.8
2017,4,26,20,14.5,10.1,6.4
2017,4,27,15.4,15.6,8.3,7.1
2017,4,28,0.4,19.8,9.4,6
2017,4,29,0.2,18.1,14.9,7.9
2017,4,30,0,17.8,13.6,7.3
2017,5,1,0,20.4,13.6,8.7
2017,5,2,2.4,15.2,10.4,9.4
2017,5,3,0.8,15.3,7.4,10.8
2017,5,4,0,16.9,5.8,12
2017,5,5,0,20.5,6.2,10.6
2017,5,6,0.2,20,9.6,6.1
2017,5,7,1.4,14.8,8.9,9.4
2017,5,8,1.8,15.8,10.1,7.2
2017,5,9,1.6,15.9,10.9,7.3
2017,5,10,0,17.7,8.1,11.3
2017,5,11,0,16.5,6.1,8.6
2017,5,12,0,19.5,5.9,9.9
2017,5,13,0.2,15.6,8.4,10.1
2017,5,14,0,15.1,6.4,7.7
2017,5,15,0,16.9,6.3,8.2
2017,5,16,0,18.2,5.6,9
2017,5,17,0,17,7.6,3.8
2017,5,18,0.8,20.2,10.7,9.8
2017,5,19,0,17.8,10.2,2.5
2017,5,20,0,19.3,10.2,9.8
2017,5,21,0,18.7,10.8,6.8
2017,5,22,0,20.3,10.4,10.1
2017,5,23,0,19.3,12.8,7.4
2017,5,24,0,17.1,11.7,8
2017,5,25,0,18.5,13.7,5.7
2017,5,26,0,18,13.1,8.2
2017,5,27,0,17.8,11.9,8.3
2017,5,28,6.8,15.3,10.2,7.6
2017,5,29,1.4,14.8,7.7,8
2017,5,30,2.2,13.1,9.3,6.9
2017,5,31,5.4,13,6.7,8.5
2017,6,1,0.4,13.9,7.9,4.7
2017,6,2,0,14.7,8,7.3
2017,6,3,0,14.3,9.9,8.3
2017,6,4,0,15.8,4.4,9.3
2017,6,5,0,17.5,5.6,5
2017,6,6,6.4,13.9,8.7,6.3
2017,6,7,0,14.3,5.9,9.2
2017,6,8,0,15,3.6,7.2
2017,6,9,1.8,15,6.6,7.8
2017,6,10,0,15.8,7,8.9
2017,6,11,0.2,15.5,3.4,8.6
2017,6,12,0,15.9,6,5.1
2017,6,13,0,15.1,8.8,6.6
2017,6,14,0,17.4,4,8.9
2017,6,15,0,19,7.7,7.4
2017,6,16,0,17.1,6.6,8.9
2017,6,17,0,15.5,4.2,9.2
2017,6,18,0,16.3,5.4,7.9
2017,6,19,0,16.1,7.1,6
2017,6,20,0,15.8,6.4,9.2
2017,6,21,0.6,13.5,7.8,5
2017,6,22,0.2,14.1,6.7,6.7
2017,6,23,0,14.9,7.4,8.2
2017,6,24,1.4,12.3,8.3,7.3
2017,6,25,0,14.3,8.6,5.3
2017,6,26,1.4,12.6,8.8,7.8
2017,6,27,0,12.1,6,4.4
2017,6,28,0,14.1,6.8,5.4
2017,6,29,0,13.7,9.2,5
2017,6,30,4.4,12.3,7.1,8.4
2017,7,1,0,12.7,1.1,9.3
2017,7,2,0,14.3,0.8,9.2
2017,7,3,0,13.9,3.8,3.9
2017,7,4,3,16.2,9,6.4
2017,7,5,0,15.8,10.1,6.5
2017,7,6,0,15,4.8,8.7
2017,7,7,0,14.2,8,9.4
2017,7,8,0,13.5,5.3,5.1
2017,7,9,0.8,14.6,7.3,7.3
2017,7,10,0,16,7,5.7
2017,7,11,0.4,14.3,6.9,9.7
2017,7,12,0,15.1,3.2,9.8
2017,7,13,0,13.3,4.8,5.5
2017,7,14,2,15.9,9.9,8.6
2017,7,15,0,12,4.5,9.4
2017,7,16,0,12.5,3,7.8
2017,7,17,0,15.3,5.7,6.3
2017,7,18,0.2,14.5,9.7,5.8
2017,7,19,5,13.2,8.9,7.7
2017,7,20,0.6,10.7,7.9,5.9
2017,7,21,4.2,13.8,3.3,10.3
2017,7,22,0,12.4,5.4,7
2017,7,23,0,14.1,8.4,5.4
2017,7,24,7,16.1,8.1,8.3
2017,7,25,0,17.2,9.8,9
2017,7,26,2.4,15,10.9,8.7
2017,7,27,2,14.2,4.4,8.7
2017,7,28,2.8,14.3,6.2,9.8
2017,7,29,0,17.9,9.7,10.1
2017,7,30,0,18.1,11.3,8.3
2017,7,31,0,14.8,6.7,11.5
2017,8,1,0,15.5,3.5,11.5
2017,8,2,0,12.9,3.4,7.5
2017,8,3,0,9,3.1,4.4
2017,8,4,6.6,12.1,4.3,7.2
2017,8,5,0,14.2,8.8,11.7
2017,8,6,0,13,9,8.2
2017,8,7,4.2,12.3,7.7,7.3
2017,8,8,2.2,15,7.9,7.5
2017,8,9,0,16.8,8.9,11.5
2017,8,10,0,18.8,11.4,8.4
2017,8,11,0,16.4,10.3,9.3
2017,8,12,2.8,17.9,10.3,9.9
2017,8,13,2,18.7,9.4,11.1
2017,8,14,0,20.1,12.3,12.6
2017,8,15,0.2,17.5,10.4,3.2
2017,8,16,0.8,18.1,12.1,10.9
2017,8,17,1.8,15.6,9.3,9.1
2017,8,18,2.8,12.2,8,9.4
2017,8,19,7.2,11.8,5.9,11.6
2017,8,20,2,13.3,5.1,13.9
2017,8,21,0.6,12.7,6.8,7.9
2017,8,22,1.6,16.8,5.7,11.1
2017,8,23,0,18.1,8.3,9.7
2017,8,24,9.2,13.3,5.2,13
2017,8,25,0.6,15,4.9,13.3
2017,8,26,0,15.3,9.9,8.5
2017,8,27,7.8,10.7,5.8,11.8
2017,8,28,0.6,11.8,5.8,14.6
2017,8,29,0,12.9,5.4,9.1
2017,8,30,0.6,13.8,7.7,12.3
2017,8,31,0.2,16.7,4,15.9
2017,9,1,0,17,3.7,14.4
2017,9,2,0,18.4,7.3,6.3
2017,9,3,0,17.2,13.4,6.3
2017,9,4,0.4,13.7,8.8,13.4
2017,9,5,0.2,13.3,6.5,11
2017,9,6,4.8,15.1,6.7,11
2017,9,7,0.8,15.2,7.9,9.5
2017,9,8,3.2,13.5,8,13.1
2017,9,9,1.2,14.9,7.1,15.9
2017,9,10,0.2,16.1,5.3,12.3
2017,9,11,0,18.1,8.1,7
2017,9,12,0.2,19.9,12.2,3.5
2017,9,13,2,16.4,13.3,8.2
2017,9,14,1.4,15.3,5.8,10.8
2017,9,15,0,16.7,9.6,7
2017,9,16,21.4,13.3,7.4,16.7
2017,9,17,0.2,18.1,4,19
2017,9,18,0,22,10.5,15.7
2017,9,19,0.2,13.9,9,16.6
2017,9,20,0,19.2,6,17.3
2017,9,21,0,23.6,11.6,13
2017,9,22,0,25.6,12.8,15.6
2017,9,23,0,30.6,14.8,17.3
2017,9,24,0.4,19.9,12.9,12
2017,9,25,1.6,14.2,10.3,10.9
2017,9,26,0.4,15.1,5,20.4
2017,9,27,0,24.6,9.6,11.7
2017,9,28,0,18.5,10.4,12.8
2017,9,29,0,18.4,10.6,14.5
2017,9,30,1,15.4,11,16.1
2017,10,1,0,17.2,9.7,9.2
2017,10,2,0,16.4,9.5,16.4
2017,10,3,0,22.3,6.8,21.8
2017,10,4,0,20.8,8.5,21.6
2017,10,5,0,19.4,11.7,10.4
2017,10,6,2.4,15,10.1,16.8
2017,10,7,0.2,23.7,7.2,17.3
2017,10,8,0,25.3,11.1,19.5
2017,10,9,2.4,18.7,14,16.7
2017,10,10,0.2,18.8,8,23.6
2017,10,11,0,25.6,9.8,7.5
2017,10,12,10,19.2,10.5,15.6
2017,10,13,0,16.7,13.1,12.5
2017,10,14,0,16.1,8.2,23.6
2017,10,15,0,17.6,6.8,24.5
2017,10,16,0,28.6,11.3,23.8
2017,10,17,0,30.2,12.8,24.9
2017,10,18,0,30.9,14.5,25.1
2017,10,19,0,25.6,21.7,9.8
2017,10,20,2.6,16.2,11.3,24
2017,10,21,0,15.4,11,12.8
2017,10,22,0,16,11.1,13
2017,10,23,0,19,11.9,21.8
2017,10,24,0.2,20.5,12.1,18.7
2017,10,25,11.4,18.5,13.3,12.5
2017,10,26,0.2,16.8,12.9,12.2
2017,10,27,0,27.4,10.3,26.1
2017,10,28,0.4,21.4,15,16.8
2017,10,29,0,28.6,11.5,27.1
2017,10,30,4.4,17,8.8,17
2017,10,31,6,16.4,8.1,24.8
2017,11,1,0.4,18,11.9,14.2
2017,11,2,1.4,17.4,11.3,17
2017,11,3,1.4,16.6,9.4,20.5
2017,11,4,0.4,15.8,8.3,24.6
2017,11,5,0,17.6,6.4,24.1
2017,11,6,0,16.1,10.9,18.9
2017,11,7,3.4,15.8,10,18.8
2017,11,8,0,16.9,12.1,25.4
2017,11,9,0,21.8,8.7,28.8
2017,11,10,0,27.2,12.1,23.7
2017,11,11,0,24.7,14.8,28.8
2017,11,12,0,23.3,13.2,25
2017,11,13,0,33,13.7,29.5
2017,11,14,0,33.9,18.2,29.5
2017,11,15,0,31.4,21.5,16.9
2017,11,16,3.6,21.3,18.1,4.8
2017,11,17,4.2,26.8,16.4,22.9
2017,11,18,0,28.1,16.1,20.1
2017,11,19,24.8,29.3,15.1,27.5
2017,11,20,0,30.8,16.6,28.6
2017,11,21,0,32.9,17.8,29.5
2017,11,22,0,32.6,18.7,30.6
2017,11,23,0,31.9,16.2,18.9
2017,11,24,1,30.7,18.6,13.8
2017,11,25,0.4,32.5,19.3,17
2017,11,26,3.4,28.3,19.4,22.8
2017,11,27,1.4,21.2,16.5,20.5
2017,11,28,0.2,31,13.7,31.1
2017,11,29,0,35.8,18.5,28.3
2017,11,30,0,34.9,22.5,23.1
2017,12,1,1.8,23.5,21.5,1.6
2017,12,2,20.6,16.4,14.7,0.7
2017,12,3,43.8,17.1,11.5,14.4
2017,12,4,5.4,17.5,12.4,7.9
2017,12,5,1.8,22.8,10.8,22.9
2017,12,6,0,21.3,13.6,23.6
2017,12,7,0,21.9,11.6,19.8
2017,12,8,25.2,18.7,11.4,28.5
2017,12,9,0,23,12.7,19.2
2017,12,10,0,22.2,14.5,31.4
2017,12,11,0,20.7,16.4,26.3
2017,12,12,0,26.4,15.8,31.3
2017,12,13,0,37.6,15.8,32
2017,12,14,0,23.1,20.5,21.7
2017,12,15,0,26.4,14.1,32.1
2017,12,16,0,24.6,13.8,31
2017,12,17,0,24.5,15.7,30.5
2017,12,18,0,33,17.1,22.1
2017,12,19,0,37.4,19.7,12.1
2017,12,20,20.6,24.5,15.8,19
2017,12,21,0,23.7,12.3,31.9
2017,12,22,0,27.7,13.6,26.6
2017,12,23,0,30.2,14.7,21.2
2017,12,24,0.4,19.4,15.8,25.7
2017,12,25,0,21.4,15.1,29
2017,12,26,0,30.5,12.5,31.9
2017,12,27,0,34.5,17.3,30.6
2017,12,28,0,32.8,24,13.5
2017,12,29,0.2,24.4,18.6,9.3
2017,12,30,8.4,21.3,15.6,13.6
2017,12,31,0.2,25.7,12,31.7
2018,1,1,0,25.3,16.6,31.4
2018,1,2,0,21.8,16.4,29.7
2018,1,3,0,21,14.6,27.2
2018,1,4,0.2,23.6,14.1,31.8
2018,1,5,0,30.7,14.7,31.7
2018,1,6,0,41.7,18.8,31.5
2018,1,7,0,21.8,18.7,11
2018,1,8,0,21.9,17.3,17.5
2018,1,9,0,22.5,15.7,30
2018,1,10,0,25.6,13.6,23.5
2018,1,11,0,34.5,15.5,28.6
2018,1,12,1,30,20.4,1.7
2018,1,13,7,20.9,16,10.7
2018,1,14,15,19.5,12.7,27.5
2018,1,15,0,20.9,14.6,21.1
2018,1,16,0,26.9,12.9,31.1
2018,1,17,0,30.3,12.4,30.9
2018,1,18,0,40,16.6,30.8
2018,1,19,0,40.3,22.5,30.6
2018,1,20,0,24.6,20.3,20.2
2018,1,21,0,28.2,21,14.9
2018,1,22,0,23.9,20.5,27.3
2018,1,23,0,23.6,18,28.3
2018,1,24,0,23.3,14.8,27.5
2018,1,25,0,26.6,17.1,28.1
2018,1,26,0,28.4,19.4,19.9
2018,1,27,3.4,33.2,21.2,27.5
2018,1,28,0,38.1,22.7,28.5
2018,1,29,0,33.5,27.8,7.3
2018,1,30,38.8,21,15.6,14.1
2018,1,31,0,19.1,14.6,19.6
2018,2,1,0.2,22.5,12.1,28.9
2018,2,2,0,22.1,13.4,28.4
2018,2,3,0,28.1,15.8,26.7
2018,2,4,0,25.7,14.7,28.5
2018,2,5,0,25.7,17,24
2018,2,6,0,29.9,17.7,27.6
2018,2,7,0,37.4,18.7,27.1
2018,2,8,0,27.5,20.6,15.8
2018,2,9,0,24.9,20.4,17.2
2018,2,10,0,30.3,18.7,6.6
2018,2,11,0,21.2,15.5,18.5
2018,2,12,0,23.6,16.3,22.2
2018,2,13,0,29,13.6,26
2018,2,14,0,23.3,17.5,22.8
2018,2,15,0,24.2,13.5,18.4
2018,2,16,0,22.2,15.7,24.8
2018,2,17,0,25.3,12.4,24.1
2018,2,18,0,24,13.6,20.5
2018,2,19,0.8,25.4,17.6,20.9
2018,2,20,0,29.5,14.1,25.5
2018,2,21,0,29.3,16,16
2018,2,22,0,31,20.3,16.8
2018,2,23,0.2,33.5,21.2,13.4
2018,2,24,0.4,31.6,22.7,4.8
2018,2,25,0,19.8,16.2,10
2018,2,26,0,26.5,14.3,24.3
2018,2,27,0,31.3,14.9,24
2018,2,28,0,30.9,20,19.6
2018,3,1,0.8,20.5,16.2,17.7
2018,3,2,0.4,22.8,14.5,19.6
2018,3,3,0,32.7,13.9,21.8
2018,3,4,0,21,15.8,22.2
2018,3,5,0,21.1,14.9,16.6
2018,3,6,0,27.6,12.5,22.6
2018,3,7,0,28.5,14.4,22.4
2018,3,8,0,30.5,14.9,22.1
2018,3,9,0,28.8,14.6,21.9
2018,3,10,0,35.1,14.3,21.6
2018,3,11,0,22.8,17,14.3
2018,3,12,0,20.9,16.7,10.2
2018,3,13,2.2,20.5,14.6,18.8
2018,3,14,0,21.3,12.8,17.7
2018,3,15,0,20.8,15.3,13.9
2018,3,16,0,24.4,12.5,15
2018,3,17,0,32,15.4,15.1
2018,3,18,0,23.1,22.6,13.4
2018,3,19,0,28,13.2,17.8
2018,3,20,0.2,19.2,15.4,9.5
2018,3,21,0,25.1,11.2,18.3
2018,3,22,0,28.1,12.3,19
2018,3,23,0,29.4,15.2,18.8
2018,3,24,0,24.2,20.2,5.4
2018,3,25,13,25.4,17.8,11.6
2018,3,26,5.2,18.5,10.7,11.9
2018,3,27,1.2,22.6,9.6,14
2018,3,28,0,30.3,11.3,17.8
2018,3,29,0,21.8,16.5,14.2
2018,3,30,0,23.3,12.2,14.3
2018,3,31,0,22.4,13.2,16.7
2018,4,1,0,27.7,13,11
2018,4,2,0,20.9,14.9,14.4
2018,4,3,0,19.8,13.4,13.9
2018,4,4,0,20.6,13.3,16.6
2018,4,5,0,18.7,13.3,9
2018,4,6,0,21.2,13.8,14.8
2018,4,7,0,21.6,9.8,16
2018,4,8,0,29.9,11.8,14.7
2018,4,9,0,25.7,15.9,13.6
2018,4,10,0,28.8,14.8,5.9
2018,4,11,0,27.3,18.1,10.9
2018,4,12,0,26.5,15.9,7.4
2018,4,13,0,25.9,11.9,14.4
2018,4,14,0,16.1,13.5,3.1
2018,4,15,12.2,19.1,9.7,4.9
2018,4,16,3,21,13.1,7.1
2018,4,17,0.6,16.6,13.2,8.9
2018,4,18,0,19.4,6.2,14.2
2018,4,19,0,22.3,11,13
2018,4,20,0,20.2,8.9,13.7
2018,4,21,0,22.8,11.9,11.3
2018,4,22,0,20.4,11.2,12.6
2018,4,23,0,26.9,11.9,13
2018,4,24,0,24.6,13.7,5.2
2018,4,25,0.6,20.1,15.7,7.7
2018,4,26,0,17.5,11.9,7.9
2018,4,27,0,17.8,11.6,8.8
2018,4,28,0,18.3,7.7,11.7
2018,4,29,0,18,10.5,9.6
2018,4,30,0,19.6,8.8,12.3
2018,5,1,0,23.4,7.2,12.3
2018,5,2,0,23.2,10.2,7.2
2018,5,3,0,24.4,14.5,4.4
2018,5,4,6.2,17.2,11.5,7.8
2018,5,5,2.6,21.6,12.1,6.5
2018,5,6,0,21.7,9.9,11
2018,5,7,0,19.5,12,6.2
2018,5,8,0.2,17.9,13.4,10.6
2018,5,9,0,18.4,8,7.5
2018,5,10,8,12.8,9,8.5
2018,5,11,18.6,15.1,7.4,3.7
2018,5,12,8.4,16.9,11,9
2018,5,13,4,16.2,13,10.8
2018,5,14,0,15.9,6.8,8.2
2018,5,15,0,14.6,8.9,4.6
2018,5,16,2,14.3,9.4,7.6
2018,5,17,0,15,11.7,6.9
2018,5,18,0.2,17.7,12.3,8
2018,5,19,2.6,15.5,10.6,6.5
2018,5,20,0,16.2,11.8,1.7
2018,5,21,2.4,16.7,12.6,5
2018,5,22,0,17,13,3.6
2018,5,23,4.6,15.3,11.8,6.5
2018,5,24,0,16.1,12.9,5.1
2018,5,25,0,14.9,9.4,9.5
2018,5,26,0,20.5,5.2,9.9
2018,5,27,0,20.7,7.3,8
2018,5,28,0,20.5,12.9,6
2018,5,29,0.8,17.9,13.7,8.1
2018,5,30,0,15.1,7.7,7.9
2018,5,31,5,14.8,9.6,7.6
2018,6,1,0,13.3,4.1,9.6
2018,6,2,0.2,13.6,3.5,9.6
2018,6,3,0,13.8,4.3,8.5
2018,6,4,0,14.4,4.5,9.3
2018,6,5,1.6,15,7.5,8.8
2018,6,6,0.4,19.1,5.6,9.4
2018,6,7,0.2,17.8,7.7,5.7
2018,6,8,0.6,13.6,12.4,3.3
2018,6,9,3,15.6,11.3,8
2018,6,10,0,15.3,4.1,9.3
2018,6,11,0.2,17.6,5.3,8.9
2018,6,12,0.4,16.6,7.9,6.7
2018,6,13,0,14.1,9.5,7.1
2018,6,14,5.6,14.5,8.6,7.8
2018,6,15,4.6,14,9.6,4.4
2018,6,16,2.2,13.1,6.9,7.1
2018,6,17,15.6,13.1,8,5.1
2018,6,18,7.2,12,9.5,5.9
2018,6,19,0.4,14.5,3,9
2018,6,20,0.2,15.3,4.3,8
2018,6,21,0,15.1,4,9.1
2018,6,22,0,15,4.3,8.5
2018,6,23,0,12.8,6,3.9
2018,6,24,0,13.1,9,5.7
2018,6,25,0,12.6,8.4,7.8
2018,6,26,0,14.1,8.4,6.6
2018,6,27,0.2,11.2,4.8,6
2018,6,28,0,10.6,5.3,5.2
2018,6,29,0.2,12.5,6.1,6.1
2018,6,30,0.4,14.2,9.4,4.9
2018,7,1,0.4,14.7,3.5,8.8
2018,7,2,0,14.6,2.4,9.4
2018,7,3,0,14.3,4.1,6.7
2018,7,4,0,17.1,10.4,6
2018,7,5,0.4,18.7,12.7,2.8
2018,7,6,0,15.2,12.5,8.3
2018,7,7,1.2,12.9,9.6,6.5
2018,7,8,0.8,13.9,9.3,6.2
2018,7,9,1.2,13.8,10.1,8.1
2018,7,10,0,11.5,9.3,5.4
2018,7,11,0,11.6,6.6,6
2018,7,12,0,11.3,4.3,7.5
2018,7,13,0.2,13.9,5.8,9.3
2018,7,14,0,15.5,4.4,10
2018,7,15,0,13.8,6,9.8
2018,7,16,0,12.6,7.9,4.5
2018,7,17,0,17.5,9.1,9.2
2018,7,18,1.2,15.2,6.2,10.3
2018,7,19,0,17.6,8.7,8.5
2018,7,20,4.4,12.1,7.2,7.2
2018,7,21,0.2,14,6.7,7.2
2018,7,22,0,14.8,8,10.5
2018,7,23,0.2,15.4,8.4,6.9
2018,7,24,0.6,15.6,8.6,7.1
2018,7,25,6.2,15.7,8.3,9.3
2018,7,26,0,15.1,7.7,8.9
2018,7,27,0,19.5,9.2,10.3
2018,7,28,0,18.6,8.4,9.3
2018,7,29,2,14.6,10.8,10
2018,7,30,0.4,12.6,8.2,7.3
2018,7,31,0,16.2,8.3,10.2
2018,8,1,1.6,14.8,9.9,11.4
2018,8,2,0,16.1,4.9,11.7
2018,8,3,0,18.4,7.8,6.3
2018,8,4,1.6,15.3,8,8.7
2018,8,5,0,17.6,10.6,11.2
2018,8,6,0,13.8,9.4,8.5
2018,8,7,0,14.8,7.3,9.6
2018,8,8,1,16,9.6,7.2
2018,8,9,2.2,15.4,5.6,8.6
2018,8,10,0,20,9.4,11.8
2018,8,11,10.4,14.7,8.1,7.4
2018,8,12,4.6,14.8,5.4,10.4
2018,8,13,0,14.9,7.9,8.6
2018,8,14,0.2,16.7,9.4,13.2
2018,8,15,0,18.4,11.5,10.1
2018,8,16,0.2,14.7,8.7,9.2
2018,8,17,0,15.9,7.7,12.2
2018,8,18,2.2,13.8,8.9,10.4
2018,8,19,9.2,11.9,6.7,9.3
2018,8,20,2,12.4,5.5,6.5
2018,8,21,1.2,12.4,8.6,7.7
2018,8,22,1,14,8.7,8.5
2018,8,23,0,16,5.6,11.1
2018,8,24,0,15.4,4.8,14.7
2018,8,25,0,15.2,3.9,14.9
2018,8,26,0,14.7,4.9,12.3
2018,8,27,3.6,12.9,6.8,12.4
2018,8,28,0.2,11.2,1.9,11.7
2018,8,29,0,12.5,0.8,15.5
2018,8,30,0,16.7,4.8,5.1
2018,8,31,1.6,16,8.9,6.8
2018,9,1,2.2,13.4,10.5,7.4
2018,9,2,3,12.3,5,11.2
2018,9,3,0,13.1,5,14.7
2018,9,4,0,19.5,3.4,14.7
2018,9,5,0,20.2,8.1,14.5
2018,9,6,0,20.6,13.8,9.5
2018,9,7,3.4,15.1,8.7,14.7
2018,9,8,0.2,17.5,4.2,16.2
2018,9,9,0,18.1,8.6,7.3
2018,9,10,0,18,13.4,10.2
2018,9,11,0,24.2,9.1,17.7
2018,9,12,0,18.5,11.7,15.8
2018,9,13,0,19.7,7.1,18.2
2018,9,14,0,22.7,10.9,18.2
2018,9,15,0.2,13.7,10.2,6.3
2018,9,16,2,14,5.5,15.3
2018,9,17,0,18.1,6.7,18.7
2018,9,18,0,20.3,11,8
2018,9,19,3,14.7,8.5,16.1
2018,9,20,0.8,17.4,3.8,18.5
2018,9,21,0,18.9,8.3,16.6
2018,9,22,0,17.3,6.8,19.7
2018,9,23,0.2,13.7,10.4,11.6
2018,9,24,0,14.9,4.6,17.2
2018,9,25,0,13.6,8.6,12.2
2018,9,26,0,17.6,6.4,20.8
2018,9,27,0,24.2,9.2,20.8
2018,9,28,0,15.2,10.7,10.2
2018,9,29,1.2,14,5.5,17
2018,9,30,0.2,16.5,6.8,19.8
2018,10,1,0,23.3,4.7,21.4
2018,10,2,0,25.8,11.4,13.4
2018,10,3,0,18.1,14.7,10.9
2018,10,4,0,14.6,10.9,12.5
2018,10,5,0,20.5,9.1,22.5
2018,10,6,0,23.8,8.3,22.7
2018,10,7,0,24.7,10.3,21.2
2018,10,8,0,28.2,13.5,22.7
2018,10,9,0,17.9,16.1,7.2
2018,10,10,0,16.5,10.1,20
2018,10,11,0,20.7,6.4,23.7
2018,10,12,0,22.7,8.7,23.9
2018,10,13,0,24.9,10.5,23.2
2018,10,14,0,27.3,12.4,22.1
2018,10,15,0,27.5,19.5,19.4
2018,10,16,0.2,23.1,20,6.1
2018,10,17,5.2,22.6,16.1,15.1
2018,10,18,2,20.7,14.7,10.5
2018,10,19,0,27.4,12.8,23
2018,10,20,5,16.1,11.7,9.8
2018,10,21,5.6,19.2,7.6,22.7
2018,10,22,0,27,8.9,25.7
2018,10,23,0,18.8,13,16.7
2018,10,24,0,15.5,9.2,19.7
2018,10,25,0,19.5,6.4,25
2018,10,26,0,18.3,9.6,23.7
2018,10,27,0,19.6,11.3,20.5
2018,10,28,0,15.9,9.3,22.8
2018,10,29,0,17,9.1,25.6
2018,10,30,0,25.2,8.3,25.8
2018,10,31,0,19.5,13,16.7
2018,11,1,0,34.3,12.8,14.2
2018,11,2,0,31.6,16.3,13.4
2018,11,3,0.2,20.9,12.6,19.9
2018,11,4,0,20.9,9.2,19.7
2018,11,5,2.8,28.6,14.5,15.8
2018,11,6,4.4,21.4,16.3,7.8
2018,11,7,35.8,17.2,11.1,18.2
2018,11,8,3,17,7.7,22.7
2018,11,9,0,20,8,14.8
2018,11,10,0,20.3,9,27.3
2018,11,11,0.2,19.6,9.3,29.1
2018,11,12,0,30.2,10.9,17.5
2018,11,13,0,30.5,16.9,18.4
2018,11,14,6.2,17.3,14.8,7.2
2018,11,15,0.2,18.1,13.7,23.8
2018,11,16,0,19,8.3,29.8
2018,11,17,0,18.1,9.6,29.9
2018,11,18,0,26.6,9.8,30.1
2018,11,19,0,30.9,15.4,27.5
2018,11,20,0,27.6,22.5,5.5
2018,11,21,24.2,23.2,12.3,24.2
2018,11,22,6.2,16.4,9.7,20.3
2018,11,23,6,14.5,11,3.5
2018,11,24,7,16.9,11.1,15.8
2018,11,25,0.8,18.8,12.7,20.5
2018,11,26,0,18.6,11.9,25.5
2018,11,27,0.2,20,14.4,23.3
2018,11,28,0,20.8,14.4,18
2018,11,29,0.6,18.7,13.9,21.1
2018,11,30,0,20.8,14.7,28
2018,12,1,0,31.7,10.3,30.8
2018,12,2,10.4,19.5,12.2,18.9
2018,12,3,0,23.6,13.3,13.4
2018,12,4,0,20.5,13.4,28.2
2018,12,5,0,25.2,13.4,31.1
2018,12,6,0,35.5,14.5,31.3
2018,12,7,0,38,25.1,27.1
2018,12,8,0,30.3,22.7,11
2018,12,9,1.2,20.1,16,11.8
2018,12,10,0,20.6,15.8,28.5
2018,12,11,0,23.6,13,31.6
2018,12,12,0,33.6,16,29.4
2018,12,13,16.2,21.1,16.9,6
2018,12,14,16.6,22.7,16.4,13.7
2018,12,15,41.2,24.8,17.2,17.5
2018,12,16,3.8,23.5,15.8,16.3
2018,12,17,2,21.8,15.6,23.2
2018,12,18,0,20.8,16.7,21.1
2018,12,19,0,26.9,16.8,16.6
2018,12,20,0,21.2,16.9,14.8
2018,12,21,1,20.9,15.4,9.6
2018,12,22,9.8,19.1,14.1,27.8
2018,12,23,0,26.9,11.5,32.3
2018,12,24,0,34.2,14.3,32.3
2018,12,25,0,23.9,15.8,32.2
2018,12,26,0,23.8,13.3,32.3
2018,12,27,0,37.4,16.2,29.3
2018,12,28,0,36.4,21.9,19.1
2018,12,29,1.2,23.9,21,5.7
2018,12,30,0.6,22.7,18.2,9.9
2018,12,31,0.8,23.5,17.3,31.3
2019,1,1,0,26.2,15.5,31.7
2019,1,2,0,22.2,18.4,26.3
2019,1,3,0,29.5,15.9,27.6
2019,1,4,0,42.6,18,27.4
2019,1,5,0.4,21.2,17.4,12.9
2019,1,6,1.4,22.1,14.6,30.9
2019,1,7,0,23.1,17.1,30.2
2019,1,8,0,24.1,16.7,28.9
2019,1,9,0.6,20.5,16.1,28.4
2019,1,10,0,21.4,13.5,25.8
2019,1,11,0,30.4,12.9,31.5
2019,1,12,0,24.7,17.7,28.6
2019,1,13,0,30.5,14.4,31.3
2019,1,14,0,32.3,18.7,31.1
2019,1,15,0,30.4,19.4,22.3
2019,1,16,0,26.7,19.8,17.5
2019,1,17,0,32.5,20.7,6
2019,1,18,0.2,28.7,22.3,2.6
2019,1,19,2,23.5,16.5,30.2
2019,1,20,0,22.9,15.2,29.2
2019,1,21,0,25.1,18.4,28.2
2019,1,22,0,26.8,19,29.3
2019,1,23,0,23.9,18.7,27.4
2019,1,24,0,40.8,17.3,30
2019,1,25,0,42.8,21.1,25.3
2019,1,26,0,26.1,19.9,27.7
2019,1,27,0,27.8,18.4,21.1
2019,1,28,0,34.5,15.5,29.4
2019,1,29,0,36.8,17.5,27.7
2019,1,30,0,38.1,18,19.9
2019,1,31,6.6,21.5,17.2,27.8
2019,2,1,0,24.2,12.6,28.8
2019,2,2,0,34.4,15,27.5
2019,2,3,0,38.2,19.1,26.1
2019,2,4,0,22.7,20,9.3
2019,2,5,0,26.9,17.7,14.6
2019,2,6,0,34.7,18.5,22.8
2019,2,7,11,28.3,20.7,25.1
2019,2,8,0,23.1,18.1,21.1
2019,2,9,0,19.7,14.6,13.6
2019,2,10,4.8,23.3,13,23.5
2019,2,11,0,27.5,14.4,18.6
2019,2,12,0,21.5,18.4,12.4
2019,2,13,2.8,19.2,11.8,23.7
2019,2,14,0,23.2,12.3,24.2
2019,2,15,0,22.8,14.8,23.1
2019,2,16,0,23.2,16.1,24.2
2019,2,17,0,29,15,20
2019,2,18,0,23.6,18,16.9
2019,2,19,0,20.2,13.7,21.4
2019,2,20,0,23.2,13.5,20.8
2019,2,21,0,20.4,14,16.2
2019,2,22,0,21.2,15.5,23.9
2019,2,23,0,25.8,16.4,24
2019,2,24,0,32.9,13.8,24.6
2019,2,25,0,34.2,18,24.4
2019,2,26,0,22.3,17.9,21
2019,2,27,0,25.7,12.9,24
2019,2,28,0,36.8,16.3,23.4
2019,3,1,0,38.1,22.6,22.3
2019,3,2,0,36.3,22.3,23.4
2019,3,3,0,36,25.1,14.4
2019,3,4,0,24.6,19,21.8
2019,3,5,0,24.3,18,15.5
2019,3,6,1.6,17.2,13.2,19.5
2019,3,7,2,22.1,9.7,21.2
2019,3,8,0,26.8,11.3,10.2
2019,3,9,0,24.7,13.9,20
2019,3,10,0,23.7,14.3,10.1
2019,3,11,0.2,21.8,15.9,18.6
2019,3,12,0,19.2,15.8,10.8
2019,3,13,0,18.6,11.9,15.1
2019,3,14,0.2,20.8,12.1,20.6
2019,3,15,0,22.2,11.7,18.7
2019,3,16,0,25.6,12.2,20.1
2019,3,17,0,25.6,14.2,19.2
2019,3,18,0,28.2,16.5,18.9
2019,3,19,0,23.4,16.9,12.7
2019,3,20,0,23.4,19.3,11.1
2019,3,21,0,24.3,18.2,12.5
2019,3,22,0,28.6,18.7,15.3
2019,3,23,1.8,31.3,19.9,13.6
2019,3,24,2,29.3,16.5,16.9
2019,3,25,0.2,19,14.8,13.6
2019,3,26,0,20.3,12.3,15.9
2019,3,27,0,21.7,11.1,17.8
2019,3,28,0,27.9,11.6,17.8
2019,3,29,0,28.5,14.6,4.9
2019,3,30,1.8,15.6,9.1,11.4
2019,3,31,2.2,18.5,9.4,8
2019,4,1,0.2,17.1,13,6.6
2019,4,2,0,25.9,7.4,16.6
2019,4,3,0,24.7,9.4,10.9
2019,4,4,0,21.9,13.3,13.9
2019,4,5,0,28.5,14.4,15.3
2019,4,6,0,20.1,16.5,12.4
2019,4,7,0,26.5,9.5,15.9
2019,4,8,0,23.1,12.5,9
2019,4,9,1.6,16.3,11.1,13.9
2019,4,10,1.4,15.8,10.7,4.8
2019,4,11,0,17.3,11.3,14.4
2019,4,12,0.2,24.9,6.7,15.3
2019,4,13,0,20.7,10.5,10
2019,4,14,0,22.5,11.8,14.4
2019,4,15,0,27.4,12.9,10.9
2019,4,16,0,30.3,17.1,14.4
2019,4,17,0,30,22.1,12.8
2019,4,18,0,17.7,13.2,12.8
2019,4,19,0,22.1,8.6,14
2019,4,20,0,30.2,10.2,13.9
2019,4,21,0,27,14.8,7.5
2019,4,22,0.8,17.6,13.7,6
2019,4,23,0,18.5,11.1,8
2019,4,24,0,23.2,14.6,8.2
2019,4,25,0,21.5,10.2,10.6
2019,4,26,3,15.8,11.9,6.9
2019,4,27,0,16.2,8.7,8.5
2019,4,28,0,17.4,12.4,5.2
2019,4,29,0,18.1,11.5,8.4
2019,4,30,0,23.1,7.9,11.7
2019,5,1,0,22.8,15.6,7.8
2019,5,2,3.6,20.2,17.1,6.2
2019,5,3,0.2,20.7,11.8,9
2019,5,4,0.2,16.4,13,8.2
2019,5,5,2,16.3,11.3,6.5
2019,5,6,0.2,16.7,11.7,8.5
2019,5,7,0,18.7,7.4,11.7
2019,5,8,5.2,17.4,10.3,7.3
2019,5,9,0.6,16.2,9.7,5.3
2019,5,10,7.2,14.2,10.2,2.8
2019,5,11,8.2,16.4,10.2,7.7
2019,5,12,0,17.7,12.2,6.6
2019,5,13,0,18.1,12.7,8.3
2019,5,14,0,20.2,11.3,9
2019,5,15,0,15.8,12,8
2019,5,16,0,16.1,10.5,9.8
2019,5,17,0,18.6,6.5,10.7
2019,5,18,0,21.5,6.2,10.6
2019,5,19,0.2,21.8,8.9,10
2019,5,20,0.4,19.6,12,3.1
2019,5,21,0.4,20.4,11.1,6.9
2019,5,22,0,22.3,10.7,10.3
2019,5,23,0,21.3,9.9,10.2
2019,5,24,0,20.2,13.8,4.4
2019,5,25,1.6,19.8,13.7,9.1
2019,5,26,6.6,15.1,9.5,8.6
2019,5,27,8.2,14,7.8,7.2
2019,5,28,0.2,15.7,8.2,3.3
2019,5,29,1.2,10.6,8.7,7.9
2019,5,30,5.8,13.3,6.7,5.8
2019,5,31,1.4,14.3,8.5,5.7
2019,6,1,2.4,14.6,11.7,5.8
2019,6,2,0,14.5,11,6.7
2019,6,3,15.4,12,8.2,3.8
2019,6,4,3.2,12.9,8.4,7.9
2019,6,5,0,13,8.6,5.7
2019,6,6,0,14.8,10.2,7.9
2019,6,7,0,16.6,11.7,8
2019,6,8,0,18.7,6.7,9.3
2019,6,9,0,18,7.8,8
2019,6,10,3,19.2,12,7.6
2019,6,11,0,17.9,9.6,9.2
2019,6,12,0.6,16.5,11.9,1.3
2019,6,13,2.6,17.4,8.8,8.9
2019,6,14,2.2,17.3,10,7
2019,6,15,2.6,15.2,9,6.4
2019,6,16,0,16.7,8.6,7.5
2019,6,17,3.4,17.9,6.3,8.6
2019,6,18,0,13.7,8,5.2
2019,6,19,0.8,11.9,6.6,7
2019,6,20,1.6,11.3,6.4,6.4
2019,6,21,3,12.6,6.5,8.5
2019,6,22,0.4,11.8,6.8,7.3
2019,6,23,1.2,9.6,3.6,5.9
2019,6,24,0,16,4.2,9
2019,6,25,0,17,3.5,8.9
2019,6,26,0.2,18,4.6,9.2
2019,6,27,0,17.5,5.9,9.2
2019,6,28,0,19.5,10.7,9.2
2019,6,29,0.8,17.6,13,2.6
2019,6,30,6.4,14.5,8.1,8.5
2019,7,1,0,14.1,9.5,8.3
2019,7,2,0,15.9,8.6,6.6
2019,7,3,0,13.7,8.2,7.5
2019,7,4,0,13.5,5.3,6.9
2019,7,5,0,19.1,3.5,9
2019,7,6,0,19.4,6,9.3
2019,7,7,0.2,18.2,9,6.1
2019,7,8,5.2,16,11,8.2
2019,7,9,0.2,15,6.8,7.2
2019,7,10,0.2,15.4,9.5,6.7
2019,7,11,6.4,14.3,7.8,4.6
2019,7,12,2.4,15.7,10.1,6.2
2019,7,13,4.4,12,7,8.3
2019,7,14,0.8,13.1,7.1,3.8
2019,7,15,4.4,14.3,8.9,7.6
2019,7,16,1.8,13.9,9.9,6.4
2019,7,17,0,13.7,9.7,3.6
2019,7,18,0.4,14.3,9,7.9
2019,7,19,1.6,15.7,7.5,9.6
2019,7,20,0,17.1,8,10.3
2019,7,21,0,16.6,11.3,8.1
2019,7,22,0,15.6,7.9,10.6
2019,7,23,1.6,15.2,9.9,8.2
2019,7,24,8,14.4,7,7.8
2019,7,25,0,14.8,9.2,5.2
2019,7,26,0,14,11,5.9
2019,7,27,6.8,15.3,9.8,8.7
2019,7,28,0,15.1,6.6,10.2
2019,7,29,0,14.6,8.9,9.9
2019,7,30,0.8,12.5,7.9,8.7
2019,7,31,0,12.5,3,11.3
2019,8,1,0,13.8,5.8,8.6
2019,8,2,0.4,12.7,9.7,7.4
2019,8,3,0,13.9,10,6.2
2019,8,4,1,13.1,9.2,7.2
2019,8,5,0,15.8,10,10.7
2019,8,6,0.4,13.5,9.1,4.5
2019,8,7,0,14.1,9.3,7.5
2019,8,8,10.8,13.9,6.7,9.6
2019,8,9,2,10.1,7.8,7.3
2019,8,10,4.2,12.5,5.2,6.6
2019,8,11,6,12.9,4.8,11.4
2019,8,12,8.8,12,6.3,9.9
2019,8,13,0,13.1,8.8,7
2019,8,14,0.2,13.8,9.1,6.7
2019,8,15,0,16.2,7.3,10.5
2019,8,16,0,16.9,10.6,6.3
2019,8,17,3.8,16.5,7,13.4
2019,8,18,0,19.4,8.8,9.3
2019,8,19,4,12.3,5.8,12.8
2019,8,20,0.4,17,7.6,7.2
2019,8,21,0.2,16.6,11.5,11.5
2019,8,22,1.6,13,9.6,11.3
2019,8,23,0,15.1,3.8,14.5
2019,8,24,0,18,7.9,13
2019,8,25,1.2,12.9,6.5,13.9
2019,8,26,0,14.4,5.3,14.7
2019,8,27,0,15.3,4.2,12.9
2019,8,28,0,13.4,8.3,5
2019,8,29,6.2,13,6.1,13.2
2019,8,30,0.2,15.3,2.3,15.6
2019,8,31,0,18.2,5,15.8
2019,9,1,0,19.6,11.1,9.4
2019,9,2,2.4,17.6,10.2,13.8
2019,9,3,0.6,19.6,9.2,16.4
2019,9,4,0,18.7,8.2,15.1
2019,9,5,3.4,21.2,8.7,14.8
2019,9,6,2,16,11.3,10.4
2019,9,7,1,12.9,8.8,11.3
2019,9,8,0.6,15.1,8.2,9.5
2019,9,9,5.6,12.8,6.8,14.4
2019,9,10,2.6,14.8,7.7,16.1
2019,9,11,0,20.8,5,17.8
2019,9,12,0,20.8,11.1,11.8
2019,9,13,0,18.6,7.7,14
2019,9,14,0,20,9.3,18.3
2019,9,15,1.6,21.8,12.4,8.4
2019,9,16,13,12.8,9.7,17.7
2019,9,17,0,14.8,3.6,19
2019,9,18,0,18.9,4.3,19.2
2019,9,19,0,24,8.2,19.4
2019,9,20,0,26.2,15.7,14.4
2019,9,21,0,19.4,14.5,10.5
2019,9,22,4.6,15.5,7.9,13.6
2019,9,23,2,15.2,8.9,13.9
2019,9,24,1.4,15.1,8.3,13.3
2019,9,25,0,16.6,8.7,13.1
2019,9,26,0,20.3,8.3,19.6
2019,9,27,0,18.8,12.3,7.4
2019,9,28,0.2,14.9,7.2,17.7
2019,9,29,0,15.8,9.1,19
2019,9,30,0,14.1,10.1,14.4
2019,10,1,0,20.5,4.2,21.7
2019,10,2,0,26.5,9.3,18.5
2019,10,3,0,29.7,15.1,22
2019,10,4,0,15.2,12.5,11
2019,10,5,1.8,24.3,7.6,17.4
2019,10,6,0,24.8,12.9,17.4
2019,10,7,0,16.4,11.6,15.1
2019,10,8,2.6,14.2,9.5,17
2019,10,9,5.8,15,8.5,19.3
2019,10,10,0.2,14.7,10.2,12.6
2019,10,11,0,18.9,9.5,17.5
2019,10,12,0,20.4,8.2,20.1
2019,10,13,0,23.1,9.4,19.6
2019,10,14,0.2,26.7,13.6,20.2
2019,10,15,0,18,13,20.6
2019,10,16,0,20.4,13.3,11.4
2019,10,17,4.4,15.2,9.5,9.6
2019,10,18,0.8,22.1,7.3,23.2
2019,10,19,0.8,15.3,9.4,15.8
2019,10,20,0.8,16.4,10,14.7
2019,10,21,0,17,11.5,19.6
2019,10,22,0,19.6,11.9,23.7
2019,10,23,0,27.9,8.2,26
2019,10,24,0.2,33.8,13,26.1
2019,10,25,0,21.6,16.8,10
2019,10,26,3.8,15.5,9.6,17.2
2019,10,27,1.2,17,10.3,10.1
2019,10,28,1.4,21.6,8.7,26.3
2019,10,29,0,30.5,9.7,27
2019,10,30,0,25.1,13.8,27.2
2019,10,31,0,33.7,14.2,25.5
2019,11,1,0,34.3,20,22.8
2019,11,2,4.2,18.9,15.8,2.2
2019,11,3,12.4,20.7,12.8,7.8
2019,11,4,1.2,16.2,9.5,11.2
2019,11,5,10.2,19.6,7.7,27.4
2019,11,6,0,24.1,10.5,19.9
2019,11,7,0,17.7,11.5,8.3
2019,11,8,6.8,15,10.3,16.1
2019,11,9,6.4,14.2,7.6,9.8
2019,11,10,0.2,18.1,10.8,13.5
2019,11,11,0,29.6,10,27.4
2019,11,12,0.6,17.4,11.5,12.7
2019,11,13,1.6,17.3,9.1,12
2019,11,14,0.8,22.4,12.1,19.7
2019,11,15,0,18.5,13,12.4
2019,11,16,0,17.2,9.2,23.9
2019,11,17,0,16.2,10.8,24.1
2019,11,18,0,26.9,8.5,29.9
2019,11,19,0,18.6,11.4,27.9
2019,11,20,0,34.7,9.4,30.1
2019,11,21,0,40.9,14,18.8
2019,11,22,0,20,13.6,28.3
2019,11,23,0,23.8,10.1,24.6
2019,11,24,0,23.7,11.9,30.6
2019,11,25,0,27.4,11.4,18
2019,11,26,2,16.4,11.4,22.2
2019,11,27,0,24.8,8.6,31
2019,11,28,0,21.1,11.4,30.7
2019,11,29,0,19.7,11.9,21.9
2019,11,30,8,18.4,10.3,26.7
2019,12,1,0,16.8,12.2,9.8
2019,12,2,3.4,15.5,9.8,18.2
2019,12,3,0.4,22.2,11,19.2
2019,12,4,0,23,12.1,20.3
2019,12,5,0,23.9,12.3,20.4
2019,12,6,0,20.8,13.3,18.2
2019,12,7,0,21,11.2,30.3
2019,12,8,0,27.6,13.8,30.8
2019,12,9,0,38,16.3,28.6
2019,12,10,0,17.2,14.3,22.2
2019,12,11,0,18.1,13.4,21.8
2019,12,12,0,18.4,13.4,22.7
2019,12,13,0,20.9,11.4,24.8
2019,12,14,0,20.1,14.1,10.4
2019,12,15,0,21.7,15.1,16.4
2019,12,16,0,22.6,13,21.7
2019,12,17,0,26.3,12.6,29.5
2019,12,18,0,40.1,15.9,29.3
2019,12,19,0,23.3,17.2,29.3
2019,12,20,0,43.5,13.7,31.4
2019,12,21,0,20.2,16.9,28.3
2019,12,22,0,19.6,13.1,31.5
2019,12,23,0,20,12.1,29.2
2019,12,24,0,24.5,14.1,31.4
2019,12,25,0,27.9,14,32
2019,12,26,0,20.5,16.5,26.2
2019,12,27,0,23.9,13.6,31.6
2019,12,28,0,28.4,16.7,20.6
2019,12,29,0,33.2,16.8,31.9
2019,12,30,0,40.8,19.7,18.8
2019,12,31,2.4,21.2,15.3,29.3
2020,1,1,0,24.9,11.8,31.6
2020,1,2,0,25,12.8,31.6
2020,1,3,0,36.6,13.7,30.7
2020,1,4,0,26.8,18.6,22.8
2020,1,5,2.2,16.7,12.7,5.1
2020,1,6,8.2,18,11.9,2.7
2020,1,7,1.2,20.1,12.6,7.7
2020,1,8,0,23.8,16.8,26.9
2020,1,9,0,31.9,17.9,29.8
2020,1,10,0,32.9,20.1,10.1
2020,1,11,15.6,19.3,13.5,18.2
2020,1,12,0,19.9,14.2,21.9
2020,1,13,0,32.2,12.7,28.1
2020,1,14,0,33.8,16.7,27.4
2020,1,15,0,36.8,19.5,20.8
2020,1,16,19.6,19.6,15.7,18.6
2020,1,17,0,24.8,14.4,24.4
2020,1,18,0,29.4,13.9,27.2
2020,1,19,0,25.5,17.5,23.9
2020,1,20,0.4,21.8,19.1,8.8
2020,1,21,44,23.5,14.8,28.4
2020,1,22,0,31.7,14.1,12.4
2020,1,23,22.8,22.6,12.9,13.4
2020,1,24,1.2,24.1,11.7,20.6
2020,1,25,0,27.4,13,30
2020,1,26,0,23.6,15.8,24
2020,1,27,0,23.1,12.8,26.1
2020,1,28,0,25.4,13.6,26.5
2020,1,29,0,31.5,15.2,29.5
2020,1,30,0,39.4,16.4,29.3
2020,1,31,0,42.9,21.5,18.3
2020,2,1,0.8,29.3,23.5,1.8
2020,2,2,14.8,25.1,14.2,21
2020,2,3,0,17.7,13.2,22.7
2020,2,4,0,19.7,11.3,28.6
2020,2,5,0,20.1,10.8,27.1
2020,2,6,0,25.5,13.7,25
2020,2,7,0,23.2,16.5,18.4
2020,2,8,0,29.4,17.4,27.5
2020,2,9,0,28.2,19.6,19.9
2020,2,10,0.6,27.7,18.5,15
2020,2,11,0,25.9,19.5,19.1
2020,2,12,0,27.7,19.1,17.3
2020,2,13,0,31.7,19.4,26.7
2020,2,14,0,33.7,20.3,10.6
2020,2,15,5.4,19.3,18.9,2.4
2020,2,16,2.8,26.4,16.9,23.8
2020,2,17,0,25.6,15.2,26.4
2020,2,18,0,21.8,17.6,7.3
2020,2,19,38,19.7,13.3,12.9
2020,2,20,3.2,18.7,14.2,15.2
2020,2,21,2.8,19.6,13.5,17.1
2020,2,22,0,21.1,11.4,25.4
2020,2,23,0,34,13.3,21.6
2020,2,24,0,23.7,16.8,5.4
2020,2,25,3.6,31.6,18.4,10.6
2020,2,26,4,19.2,16.2,19.3
2020,2,27,0.2,19.7,11,11.1
2020,2,28,0,20.1,13.1,17.6
2020,2,29,0,22.4,14.7,22.8
2020,3,1,0,32.1,13.2,20.8
2020,3,2,3,18.4,14.2,21.1
2020,3,3,0,19.5,14.7,15.9
2020,3,4,0,23.5,13.6,7.1
2020,3,5,54.6,20.3,15.4,4.3
2020,3,6,7,19,15.9,12.7
2020,3,7,0.2,20,15.4,17.1
2020,3,8,0,22.4,13.9,19.5
2020,3,9,0,21,12.3,19.7
2020,3,10,0,22.3,10.3,21.9
2020,3,11,0,29.5,12.6,15.7
2020,3,12,0,29.5,16.6,19.5
2020,3,13,0,26.8,19.1,7.3
2020,3,14,0.6,17.9,13.1,12.3
2020,3,15,0,18.8,12.7,10.2
2020,3,16,0,26.5,9.3,20.6
2020,3,17,0,28.2,11.6,19.9
2020,3,18,0,28.3,17.7,9.1
2020,3,19,0,30.4,18.7,8.2
2020,3,20,0,22.7,16.1,12.6
2020,3,21,0,18.4,14.6,10.8
2020,3,22,0,18.3,12.1,15.2
2020,3,23,0.4,17.1,12.7,9.9
2020,3,24,0,17.9,8.5,15.8
2020,3,25,0,17.5,10.8,7.6
2020,3,26,0,19.8,13.7,15.5
2020,3,27,0,27.6,13.6,17.8
2020,3,28,0,27.5,14.8,16.9
2020,3,29,0,26.4,16.5,9.5
2020,3,30,5.2,21.7,15.9,13.3
2020,3,31,0,21.4,12.2,16.9
2020,4,1,0,23.1,11,15.2
2020,4,2,23,20.7,12.4,4.2
2020,4,3,15.8,23.2,13.7,12
2020,4,4,35.2,16.6,12.8,6.1
2020,4,5,4.4,16.9,9.5,4.5
2020,4,6,6.2,16.5,10.7,11.5
2020,4,7,1.4,16.4,11.9,9.5
2020,4,8,1.2,18.6,11.7,10.7
2020,4,9,0,21.2,8.9,15.8
2020,4,10,0.2,22,12.7,9.5
2020,4,11,2.4,15.7,13,11.3
2020,4,12,2.4,15.3,11,7.7
2020,4,13,0,18.3,12.2,14.3
2020,4,14,0.6,23.4,12.1,11.1
2020,4,15,0,23.5,15.6,11.8
2020,4,16,0.2,21.5,15.4,11.3
2020,4,17,0,18.4,11.4,10.1
2020,4,18,0,16.4,12.9,7.9
2020,4,19,0,19.4,11.2,11.3
2020,4,20,3.4,20.8,12,8.1
2020,4,21,0,19.6,8.5,9.8
2020,4,22,0,18.2,12.8,8.8
2020,4,23,0,19.7,9.6,9.7
2020,4,24,0.4,22.3,15.1,12.7
2020,4,25,0,21.7,10.5,10.4
2020,4,26,14,17.7,15.4,6.6
2020,4,27,0.6,18.1,8.1,12.5
2020,4,28,0,18.9,7.1,10.4
2020,4,29,3.4,19.8,11.2,3.6
2020,4,30,23.6,15.5,8.9,5.4
2020,5,1,8,13,7.6,5.1
2020,5,2,1.4,14.2,8.3,6.2
2020,5,3,1.8,15,9.8,8.3
2020,5,4,0.2,14.8,9.4,7
2020,5,5,0.4,19.5,8,11.6
2020,5,6,0,20.1,10.2,9.7
2020,5,7,0,21.1,15.1,6.2
2020,5,8,0,19.6,12.6,10.7
2020,5,9,0.6,14,12.6,5.4
2020,5,10,7,14.5,7.2,9
2020,5,11,0.6,17.1,7.8,7.5
2020,5,12,0.2,14.8,10.3,8.5
2020,5,13,1.4,14.5,10.4,8.9
2020,5,14,2.8,14.7,6.6,9.8
2020,5,15,0,15.3,4.5,10.8
2020,5,16,0,18,4.5,10.7
2020,5,17,0,18.5,5.1,10.6
2020,5,18,0,19.4,5.5,10.5
2020,5,19,0,17.7,8.1,4.9
2020,5,20,15.6,15.8,10.3,7.8
2020,5,21,12.4,13.7,9.4,6.6
2020,5,22,11.4,13.6,9.1,7.8
2020,5,23,0,13.5,9.4,5.8
2020,5,24,3,13.8,10.9,7.9
2020,5,25,0,16,5.5,10
2020,5,26,0,18.5,5.4,9.4
2020,5,27,0,17.1,5.9,7.8
2020,5,28,0,17.6,12.1,6.7
2020,5,29,0,17.1,7.2,9.6
2020,5,30,0,17.1,8.1,9.3
2020,5,31,0,17.8,12.4,8
2020,6,1,5,11.2,9.3,2.6
2020,6,2,11.6,15.6,8.4,4.9
2020,6,3,0.6,14.1,10.5,7.3
2020,6,4,0,13.8,9.3,9.3
2020,6,5,0,14.6,4.1,9.4
2020,6,6,0,13.3,6,6.6
2020,6,7,0,11.8,7.9,6.3
2020,6,8,0,12.6,4.5,8.8
2020,6,9,0.2,15.3,2,9.3
2020,6,10,0,16.7,3.9,8.8
2020,6,11,0,16.9,4.5,9.1
2020,6,12,0,15.3,4.2,9.2
2020,6,13,0,16.4,5.7,3.4
2020,6,14,5.8,15.2,10.4,8
2020,6,15,0,18.4,11.6,8
2020,6,16,0,17.9,13,6.7
2020,6,17,0.4,14.6,10.2,8.5
2020,6,18,0,16.9,4.6,9.1
2020,6,19,0,17.8,6.4,8.6
2020,6,20,1.4,16.9,12.8,8.5
2020,6,21,0,12,6.9,4.9
2020,6,22,0,13,8.1,5.5
2020,6,23,2.2,14.4,9,8.4
2020,6,24,0.4,14.9,10.1,8
2020,6,25,0,15.9,10.2,5
2020,6,26,1.2,13.8,7.9,8.8
2020,6,27,0,13.1,6.2,7.9
2020,6,28,0.2,12.5,1.7,9.3
2020,6,29,0,15.4,2.2,9.3
2020,6,30,0,15.2,3,7.7
2020,7,1,0,17.4,9.8,9.1
2020,7,2,1.2,15.1,10.2,7.3
2020,7,3,0,10.3,7.7,4.1
2020,7,4,7.8,14.5,6.5,5.7
2020,7,5,4.6,12.5,8.9,6.5
2020,7,6,1,13.1,8.1,5.8
2020,7,7,1.4,11.8,8.9,4.8
2020,7,8,0,15.7,4.9,9.4
2020,7,9,0,17.2,5.7,8.5
2020,7,10,0,16.9,6.4,7.9
2020,7,11,0,11.4,7.3,3.3
2020,7,12,6.8,14.2,9,8.3
2020,7,13,3.4,15.1,8.7,7.4
2020,7,14,0,14.2,7.7,7.6
2020,7,15,0.2,14.7,6.2,9.4
2020,7,16,0,11.5,4.2,8.7
2020,7,17,0,12.8,3.1,7.4
2020,7,18,0,12.5,4,8.3
2020,7,19,0,15.3,8.2,7.6
2020,7,20,0.6,13.8,7.6,8.2
2020,7,21,0.4,12.9,7.2,8.1
2020,7,22,0,13.3,8.1,8.4
2020,7,23,2.2,12,8.1,7.5
2020,7,24,0,13.5,6.1,10.5
2020,7,25,0,12.2,4.3,9.6
2020,7,26,0,12.8,5,7.2
2020,7,27,0,13.5,7.4,7.3
2020,7,28,0.4,15.6,9.6,8
2020,7,29,0,16.3,8.6,9
2020,7,30,0,14.2,8,11.3
2020,7,31,0,17.1,3.4,11.3
2020,8,1,0,16.4,5.7,11.1
2020,8,2,0,18.2,9,11.7
2020,8,3,0,16,7.5,10.2
2020,8,4,1.2,10.5,5.1,10
2020,8,5,5.8,11.3,4.7,9.6
2020,8,6,0.8,12.8,5.5,10.8
2020,8,7,0,12.7,3.3,5.8
2020,8,8,6.8,14.9,4.7,7.2
2020,8,9,0.2,15.8,8.9,10.2
2020,8,10,0,14.8,5.7,12.7
2020,8,11,0,15.8,4.3,10.3
2020,8,12,0.8,15.9,9.4,10
2020,8,13,1.2,18.1,11.4,11
2020,8,14,0.8,18.1,10.7,7
2020,8,15,2.8,14.9,7.4,13
2020,8,16,0.4,15,10.7,9.9
2020,8,17,0,16.3,9.5,10.4
2020,8,18,0.2,17.2,10,11.2
2020,8,19,1.2,12.7,9.7,7.9
2020,8,20,3.8,15.7,9.6,9.6
2020,8,21,0.4,14.1,8.5,12.2
2020,8,22,4.4,11.1,5.8,3.8
2020,8,23,25.6,11.5,6.8,8.6
2020,8,24,2.8,12.4,6.3,12.8
2020,8,25,0,13,3.6,11.2
2020,8,26,0,14.5,6.1,12.8
2020,8,27,0,20.7,8.8,13.1
2020,8,28,1.4,17.6,8.5,15.1
2020,8,29,0,19.3,9.2,15.6
2020,8,30,0,19.8,12,9
2020,8,31,1,12.5,6.9,13.5
2020,9,1,0,15.7,6.6,15.9
2020,9,2,0,22,8.6,12.1
2020,9,3,0,19.9,12.9,13.5
2020,9,4,0,17.3,9,12.7
2020,9,5,0.2,16.6,9.7,15
2020,9,6,0.2,19.2,6.9,16.9
2020,9,7,0,22.9,8.8,17.1
2020,9,8,0,19.9,16.6,4.8
2020,9,9,1,15.6,8.1,14.8
2020,9,10,0,21.4,5.4,17.5
2020,9,11,0,19.4,10.4,13.4
2020,9,12,1.6,16,13.3,4
2020,9,13,11.8,17.2,11.9,16.5
2020,9,14,0,16.6,11.1,18.1
2020,9,15,0,15.8,7.4,18.3
2020,9,16,0,22.8,7.1,17.4
2020,9,17,0.8,15.5,11.8,9.4
2020,9,18,0,18.7,8.4,13.6
2020,9,19,0,26.3,11.3,17.1
2020,9,20,0,22,17.1,16.7
2020,9,21,0,19.8,16.6,13
2020,9,22,0,18.9,12.3,16.8
2020,9,23,0.2,15.1,10.6,12.3
2020,9,24,1.6,15,8.2,13.9
2020,9,25,3.2,11.9,7.2,7.2
2020,9,26,9.4,13.4,6.2,15
2020,9,27,3,13.4,8.8,20.9
2020,9,28,0,13.6,6.5,18.3
2020,9,29,0,21,4.3,18.4
2020,9,30,0.6,19.4,10.7,13
2020,10,1,1.8,19.5,9.4,21.2
2020,10,2,0,26,12.8,22
2020,10,3,0,29.4,17.4,19.8
2020,10,4,0,29.5,13.5,8.4
2020,10,5,12.8,12.7,9.1,7.3
2020,10,6,1,12.6,8.9,5.8
2020,10,7,3.2,17.2,10.1,8.6
2020,10,8,5.4,16.9,11.4,9.7
2020,10,9,1.2,16.7,11.7,12.1
2020,10,10,0,19.4,10.8,17.7
2020,10,11,0,16,11.5,20.7
2020,10,12,0,25.5,6.3,20
2020,10,13,0.2,16.6,10.6,13.6
2020,10,14,0,22.7,11.9,21.8
2020,10,15,0,24.8,13.8,5.1
2020,10,16,1.4,18.2,9.4,18.2
2020,10,17,8.4,19.2,11.9,17.8
2020,10,18,0.2,15.2,11.3,19.2
2020,10,19,0,15.5,8.2,17.6
2020,10,20,0,16.6,7.3,23.4
2020,10,21,0,18.1,10.4,20.5
2020,10,22,0,18,9.2,25.2
2020,10,23,0,19.7,12.9,11
2020,10,24,32.2,14.9,11.8,11.3
2020,10,25,6.4,14.6,8.3,17.2
2020,10,26,0,17.9,9.2,26.5
2020,10,27,0,19.6,11.1,20.1
2020,10,28,0,20.9,9.5,26.7
2020,10,29,0,24.3,11.2,17.1
2020,10,30,0,18.6,12.9,21
2020,10,31,0,16.8,14.2,10
2020,11,1,0,17,12.6,23.2
2020,11,2,0,29.5,9.6,26.8
2020,11,3,0,30.4,12.1,26.9
2020,11,4,0,22.8,21.9,5.5
2020,11,5,2.8,15.8,11.1,23.1
2020,11,6,0.2,16.6,9.5,13.2
2020,11,7,1.6,16.1,11.3,22.9
2020,11,8,0,19.5,8.4,28.9
2020,11,9,0,29,11.3,28.8
2020,11,10,0,32,16.1,29.1
2020,11,11,0,28.3,22.8,6.5
2020,11,12,4,25.5,19.3,20.6
2020,11,13,0,20.6,15.4,18.6
2020,11,14,0.2,21,13.5,24.6
2020,11,15,0,32.5,12.3,14.6
2020,11,16,0,24.3,18.2,29.7
2020,11,17,0,21.1,11.9,28.7
2020,11,18,0,29.5,10.8,30.2
2020,11,19,0,34.4,16.1,29.1
2020,11,20,0,20.2,15.6,29.5
2020,11,21,0,25.7,13.3,18.8
2020,11,22,0,28.2,16.1,9.8
2020,11,23,30.2,18.8,16.6,12.6
2020,11,24,6,20.3,13.5,20.7
2020,11,25,0,30.5,13.2,29.5
2020,11,26,0,19.4,15.8,26.5
2020,11,27,0,36,10.2,29
2020,11,28,0,22.9,16,7.8
2020,11,29,2.8,18.6,14.4,19.9
2020,11,30,1,27.2,12.1,30.3
2020,12,1,0,26.2,16.8,8.6
2020,12,2,0.2,18.6,11.9,29.2
2020,12,3,0,23.7,10.6,31.2
2020,12,4,0,22.9,11.4,31.6
2020,12,5,0,28.4,13.9,7.9
2020,12,6,1.4,20.5,12.9,15.5
2020,12,7,2.6,17.3,11.3,20.9
2020,12,8,6,17.1,10.6,13.2
2020,12,9,0,21.5,11.7,30.9
2020,12,10,0.6,17.7,13.1,28.1
2020,12,11,0,21.1,9.6,32
2020,12,12,0,28.1,11.9,31.8
2020,12,13,0,30.2,16,28.4
2020,12,14,0,33.7,17.7,32
2020,12,15,0,33.5,20.4,26.9
2020,12,16,0,24.6,15.8,22.4
2020,12,17,0,25.7,15.5,25.5
2020,12,18,7.6,18.4,12.5,19.3
2020,12,19,0.2,19.9,12.3,27.8
2020,12,20,0,18.9,9.9,31.3
2020,12,21,0,21.5,11.2,13.2
2020,12,22,13.2,20.4,13.8,8.5
2020,12,23,6,19.5,13.5,24.8
2020,12,24,1,18.7,13.4,23.1
2020,12,25,0,20,13.6,23
2020,12,26,0,27.4,10.2,32.1
2020,12,27,0,31.9,16.2,3.3
2020,12,28,3.2,17.8,11.5,26.5
2020,12,29,0,21.3,9,30.7
2020,12,30,0,21.4,13.7,30.3
2020,12,31,0,21.2,15.5,7.3
2021,1,1,0,29.9,15.6,27.3
2021,1,2,0,29,18.4,13.9
2021,1,3,12.6,26.2,17,19.7
2021,1,4,2.6,18.6,16,8.1
2021,1,5,11.2,19.1,15.9,8
2021,1,6,1.2,19.2,13.7,16.4
2021,1,7,0,25.7,14.7,30
2021,1,8,0,24.3,12.7,31.7
2021,1,9,0,27.9,14.2,31.6
2021,1,10,0,33.5,16.9,29.1
2021,1,11,0,36.7,19.2,26.3
2021,1,12,0,21.6,18.3,24.4
2021,1,13,0,27,14.5,21.8
2021,1,14,0,22.2,15,26.4
2021,1,15,0,20.6,13.2,15.5
2021,1,16,2.6,20.1,11,14.5
2021,1,17,0,20.2,12.9,28.9
2021,1,18,0,22.6,14.1,25.5
2021,1,19,0,18.9,14.2,26.6
2021,1,20,0,22.6,10.3,30.5
2021,1,21,0,31.6,12.7,30
2021,1,22,0,25,15.8,29.3
2021,1,23,0,26.7,14.7,29.8
2021,1,24,0,37.8,16.1,24.4
2021,1,25,0,39.2,22.2,17.5
2021,1,26,10.6,19.3,17.7,5.5
2021,1,27,0.4,25.8,14.3,28.1
2021,1,28,0,25.5,15.4,10.9
2021,1,29,3.6,21.6,18.9,3.8
2021,1,30,43.2,21.9,16.7,19.1
2021,1,31,0,21.8,16.4,25.3
2021,2,1,0,20.3,13.4,10.5
2021,2,2,0,19.3,14.5,19.9
2021,2,3,0,25.9,13.7,28.4
2021,2,4,0,30.6,13.5,18.6
2021,2,5,0.4,29.8,17.3,12.1
2021,2,6,1.6,25.4,16.9,15.1
2021,2,7,1.8,19.2,14.7,15.7
2021,2,8,0.4,19.2,15,12.8
2021,2,9,0,25.2,12,27.6
2021,2,10,0,31.5,13.8,27
2021,2,11,0,32.8,17.2,16
2021,2,12,4.6,23.3,17.4,19.4
2021,2,13,0,20.8,14.7,19.9
2021,2,14,0,20,12.7,20
2021,2,15,0,24.6,14.4,22.3
2021,2,16,0,31.3,15.9,20.7
2021,2,17,0,28.8,16.6,25.9
2021,2,18,0,31.8,18.1,25.8
2021,2,19,0,32.6,18.2,25.4
2021,2,20,0,23.8,20.3,13.7
2021,2,21,0,20.6,17.9,7.4
2021,2,22,0,21.8,15.9,17.1
2021,2,23,0,19.2,13.1,22.1
2021,2,24,0,20.2,13,23.3
2021,2,25,0,24.3,11.3,18.9
2021,2,26,0.4,19.7,13.3,15.7
2021,2,27,0,18.6,11.3,11.8
2021,2,28,0,26.7,10.6,23.3
2021,3,1,0,21.7,13.8,15.2
2021,3,2,0,18.1,13.3,13.6
2021,3,3,0,17.7,14.2,12.3
2021,3,4,0,21.4,13.6,9.8
2021,3,5,1.4,18,15,13.8
2021,3,6,0,19.4,14.2,22.3
2021,3,7,0,28.5,11.3,17.1
2021,3,8,0.2,19.6,13.7,5.3
2021,3,9,5.4,19.6,13.5,14.7
2021,3,10,0.2,20.1,12.2,20.2
2021,3,11,0,24.7,11.6,14
2021,3,12,0,30.3,14.9,15
2021,3,13,0,27.2,17.7,3.8
2021,3,14,17.2,17.7,11,18.1
2021,3,15,0,22.2,8.9,17.3
2021,3,16,0,20.6,11.1,19.4
2021,3,17,0,26.4,13.9,19.5
2021,3,18,0,24.9,13.8,16.2
2021,3,19,0,26.1,14.2,18.7
2021,3,20,0,26,14,14.1
2021,3,21,1.2,21.7,16.7,5.3
2021,3,22,5.6,24.2,17.5,9.5
2021,3,23,13.8,22,17.6,8.1
2021,3,24,0.6,20.3,17,10.2
2021,3,25,4.6,21.1,15.5,9.1
2021,3,26,0.2,22,11.2,13.3
2021,3,27,3.4,21.3,13.2,9.7
2021,3,28,0,20.2,12.4,15.8
2021,3,29,1,18.2,13.8,15.1
2021,3,30,0,18.9,9.8,17.2
2021,3,31,0,22.8,11.4,16.7
2021,4,1,0,29.9,12.4,17.4
2021,4,2,0,30.6,13.5,17.2
2021,4,3,0,31.6,15.1,16.9
2021,4,4,0,24.5,15.2,16.7
2021,4,5,0,19,16,13.1
2021,4,6,0,20.2,12.8,10.1
2021,4,7,0,23,14.9,12.9
2021,4,8,0,29.3,15.4,15.2
2021,4,9,6.2,17.3,13.8,9.7
2021,4,10,0.2,18.3,12.9,8.2
2021,4,11,3.4,14.5,8.1,7.3
2021,4,12,10,16.8,9.7,11.4
2021,4,13,0.6,20,7.8,9.3
2021,4,14,0,20.8,11.5,8.4
2021,4,15,0,20.2,14,8.4
2021,4,16,1,15.1,11.5,5.3
2021,4,17,0,17.7,12.3,9.6
2021,4,18,0,18.8,13.1,7.6
2021,4,19,0,20.6,12,5.2
2021,4,20,0,18.7,14,3.6
2021,4,21,10.4,14.9,7.1,11.7
2021,4,22,0,17,9.9,6.3
2021,4,23,0.4,17.3,12.1,8.1
2021,4,24,0,18.3,13.1,6
2021,4,25,2.6,17.8,9.9,8.9
2021,4,26,1.2,17.9,10.9,8.1
2021,4,27,0.6,16.6,11.8,7.9
2021,4,28,0.4,16.9,7.4,12.7
2021,4,29,0,18.4,8.2,12.7
2021,4,30,0,24.4,9.5,12.5
2021,5,1,0,24.6,11.2,11.8
2021,5,2,0,26,13.7,9.8
2021,5,3,0.2,18.2,12.5,7.4
2021,5,4,30.8,15.5,9.4,3.4
2021,5,5,0,17.3,7.2,11.5
2021,5,6,0,22.2,7.6,11.8
2021,5,7,0.2,21.5,10.5,9.1
2021,5,8,0,19.8,9.9,8.5
2021,5,9,0.4,20.5,11,10.1
2021,5,10,0.2,16.9,11.7,2.8
2021,5,11,15.8,16.3,10.7,6.6
2021,5,12,0.8,18.5,7.3,11.2
2021,5,13,0,17.6,8.1,5.4
2021,5,14,4.2,15.6,7.8,8.1
2021,5,15,7.4,12.9,7.3,8
2021,5,16,0.2,15.5,8.3,6.8
2021,5,17,0.4,15.4,10.2,9.3
2021,5,18,0,16,10,5.7
2021,5,19,0,18.5,9.8,9.9
2021,5,20,0,17,12,4.1
2021,5,21,0,17.7,6.2,10.2
2021,5,22,0,19.2,3.6,10.2
2021,5,23,0,20.2,6.1,10.1
2021,5,24,0,19.9,6.8,8.7
2021,5,25,0,20.9,10.6,4.8
2021,5,26,5,14.7,11.9,5.7
2021,5,27,0.4,15,9.8,5.9
2021,5,28,0.4,13.8,11,6.6
2021,5,29,0,13.1,10.4,6.8
2021,5,30,0,14.5,1.7,9.7
2021,5,31,0,16.1,3,9.6
2021,6,1,0,15.7,5.7,5.2
2021,6,2,0,19.6,9.2,9.4
2021,6,3,0.2,16.9,10.4,9.5
2021,6,4,2,13.6,10,6.8
2021,6,5,0,12.9,3.8,7.8
2021,6,6,0,14.7,6.7,5.8
2021,6,7,0,17.2,10.7,7
2021,6,8,3,13.2,9.3,5.2
2021,6,9,4,14.7,7.8,3.1
2021,6,10,12,15.1,9.7,4.4
2021,6,11,0.4,15,6.8,7.5
2021,6,12,9.4,16.5,7.4,6.5
2021,6,13,0,15.9,10.9,7.5
2021,6,14,0,16.4,9.7,6
2021,6,15,0,15.6,7,7.3
2021,6,16,1.8,16,8.3,4.9
2021,6,17,0.8,12.9,7.8,5.2
2021,6,18,1.6,13.2,6.1,5.3
2021,6,19,2.2,16.2,9.1,6.8
2021,6,20,0,14.5,5.2,7.3
2021,6,21,0.2,15.4,3.9,9.2
2021,6,22,0,16.3,3.7,8.5
2021,6,23,0,15.3,5.6,3.2
2021,6,24,0,16.7,9.8,7.6
2021,6,25,0.6,13.2,10.6,3.2
2021,6,26,5.6,13.4,10,6.3
2021,6,27,0,15.3,9.7,8.5
2021,6,28,0,15.1,6.4,9.2
2021,6,29,0,16.7,4.2,9.2
2021,6,30,0,16.9,5.5,7.7
2021,7,1,0,17.2,10.5,9.3
2021,7,2,0.2,14.5,9.7,6.5
2021,7,3,6.6,10.6,6.6,7.8
2021,7,4,0.2,13.1,6.5,5.1
2021,7,5,0.4,13.1,4.6,5.8
2021,7,6,0,13.2,6.7,6.6
2021,7,7,0,13.1,6.8,7.3
2021,7,8,0,14.3,7.6,9.5
2021,7,9,0,12,2,9.7
2021,7,10,0,14.2,3.2,9.7
2021,7,11,0,16.1,5,9.1
2021,7,12,0,16.1,5.9,8.5
2021,7,13,0.4,14.4,8.9,8.4
2021,7,14,2.2,13.9,9.8,6.7
2021,7,15,3,17.1,10,8.3
2021,7,16,0.2,15.2,10.9,5.4
2021,7,17,0.2,13.7,7.6,5.5
2021,7,18,4.2,14.2,8.5,8.3
2021,7,19,0,13,9.1,5.6
2021,7,20,0.6,11.4,9.9,3.8
2021,7,21,10.8,13.6,6.5,8
2021,7,22,0.6,11.8,5.1,8.1
2021,7,23,0,11.3,7.8,5
2021,7,24,0,14.4,7.5,7.8
2021,7,25,0.8,13,5.8,7.8
2021,7,26,0,16.4,8.1,7.7
2021,7,27,0,17.1,10.1,8.4
2021,7,28,0,16.8,11.1,8.8
2021,7,29,0.8,15.4,6.7,10.2
2021,7,30,0,14.9,8,9.8
2021,7,31,0,18.1,9.9,10.3
2021,8,1,18,15.7,8,10.7
2021,8,2,0,15.4,6.5,11.5
2021,8,3,4.8,14.5,8.7,9.5
2021,8,4,0.6,14.5,7.8,9.6
2021,8,5,0.4,15.8,9.8,9
2021,8,6,0.2,14.2,10.7,5.9
2021,8,7,0,15.5,10.5,8.1
2021,8,8,0.6,16.4,5.8,10.1
2021,8,9,0,16.4,7.1,7.2
2021,8,10,0,17.7,9.1,11.4
2021,8,11,0,19.2,12.4,8
2021,8,12,2.8,16.6,8.1,10.1
2021,8,13,0,17.6,8.1,10.6
2021,8,14,0,18.4,6.9,11.9
2021,8,15,0,19,10.1,13.2
2021,8,16,0.2,14.4,11,9.7
2021,8,17,0.4,13.9,9.8,10.6
2021,8,18,0.6,15.5,7.6,8.7
2021,8,19,0,17.4,8.2,13.4
2021,8,20,0.8,17.3,8.7,8.6
2021,8,21,1,20,10.6,11.7
2021,8,22,0,22.2,11.3,14.4
2021,8,23,0.8,14.3,10.8,12.1
2021,8,24,10.4,13.1,6.4,14
2021,8,25,2.2,14.1,8,11
2021,8,26,1.2,12.9,5.5,8.1
2021,8,27,0,13.6,4.6,10.3
2021,8,28,0,17.8,5.3,15.3
2021,8,29,0.6,16.2,9.1,7.8
2021,8,30,4,17.6,6.4,14.7
2021,8,31,0,20.1,11,10.3
2021,9,1,0,23.5,9.8,16.1
2021,9,2,0,26.6,15,16.3
2021,9,3,0,23,20.1,4.8
2021,9,4,38.2,14.1,10.1,12.2
2021,9,5,9.6,13.6,8.3,12.1
2021,9,6,1,15.5,9.1,16.3
2021,9,7,0,16.2,10.5,11.3
2021,9,8,0,20.8,9.7,17.3
2021,9,9,0,25.8,12.2,17.1
2021,9,10,0,18.8,11.4,12.6
2021,9,11,0,22.8,13.2,7.1
2021,9,12,0,16.2,10.3,11.5
2021,9,13,5.6,14.3,7.1,17.9
2021,9,14,0.2,14.1,5.5,18
2021,9,15,0.2,15.9,5.3,17.8
2021,9,16,0,16,4.5,16.8
2021,9,17,0,22.2,7.1,11.6
2021,9,18,0.8,16.2,12.1,9.2
2021,9,19,0.8,18,8.7,11.7
2021,9,20,0.4,13.8,10.7,12.1
2021,9,21,8,13.2,6.3,14.4
2021,9,22,0.2,17.8,7.9,13
2021,9,23,0,21.5,10,19
2021,9,24,0,18.8,11,12.9
2021,9,25,0,12.8,7.1,17.9
2021,9,26,0.2,15.4,5,20.4
2021,9,27,0,19.4,5.1,20.4
2021,9,28,0,23,7.7,19
2021,9,29,0,19.3,12.6,10.4
2021,9,30,3.4,18.1,13.1,8.4
2021,10,1,21.8,22.2,13.6,18.1
2021,10,2,11.6,17.2,13.4,18
2021,10,3,0,22,12.6,16.1
2021,10,4,1,18.1,11.8,15
2021,10,5,2.2,17.4,11.5,13.4
2021,10,6,0.2,21.6,8.2,21.4
2021,10,7,4,16.4,9.4,18.4
2021,10,8,0,20.8,7,22.9
2021,10,9,0,24.8,11.5,18.7
2021,10,10,2.2,14.9,10,22.3
2021,10,11,0.4,14.4,7.4,12.5
2021,10,12,0,21.3,5.5,20
2021,10,13,0,18.8,9.9,12.3
2021,10,14,14.8,19.4,8.2,23
2021,10,15,0.6,17.1,9.3,14.5
2021,10,16,26.4,16,11.1,13
2021,10,17,0.4,17.4,10.8,18.8
2021,10,18,0,16.9,9.9,9.3
2021,10,19,0.8,16.4,9.2,16.6
2021,10,20,0,23,8.4,25.4
2021,10,21,0,25.8,13.1,21.1
2021,10,22,0,27.3,13.7,19.1
2021,10,23,14.6,16.1,12.7,10.2
2021,10,24,2,15.3,10.1,21.6
2021,10,25,0.8,15.2,10.4,24
2021,10,26,0,18.1,6.3,26.6
2021,10,27,0,27.2,9.4,25.8
2021,10,28,0.2,28.3,15.4,20.3
2021,10,29,5,15.5,11.3,13.3
2021,10,30,1,15.9,7.3,14.9
2021,10,31,0.4,19.6,6.7,27.4
2021,11,1,0,23.2,8.7,27.6
2021,11,2,0,29.7,11.1,27.5
2021,11,3,0,25.1,16.5,6.7
2021,11,4,45.4,17.5,13.5,24.1
2021,11,5,0,22.9,13.3,25.1
2021,11,6,0,27,16.6,17.6
2021,11,7,15.4,16.5,12.9,11.1
2021,11,8,0.2,17.4,12,22.4
2021,11,9,0,20.3,8,26.2
2021,11,10,10,15.2,11.7,11.1
2021,11,11,10,16.4,8.7,21
2021,11,12,1,14,11,5.6
2021,11,13,10.4,14.6,10.3,14.8
2021,11,14,1.6,15.3,7.6,19.6
2021,11,15,1.6,13.8,8.7,17.8
2021,11,16,0.2,15,8.2,19.5
2021,11,17,0,19.8,10.1,25.2
2021,11,18,0,26.9,10.9,17.8
2021,11,19,0.2,17.3,13.1,18.7
2021,11,20,0,16.9,13,25
2021,11,21,0,17.2,11.8,25.6
2021,11,22,0,20.8,10.2,30.4
2021,11,23,0,26.1,14.7,18.2
2021,11,24,0,26.6,17.5,23.4
2021,11,25,0,16.7,15.4,2.3
2021,11,26,0.6,20.6,13,21.2
2021,11,27,0,21.6,11.4,30.2
2021,11,28,0,22.1,9.8,31.1
2021,11,29,0,28.7,10.1,28.6
2021,11,30,0,31.6,14.4,28.5
2021,12,1,0,32.4,18.5,17.7
2021,12,2,11.8,33,18.4,23.5
2021,12,3,8.8,20.4,13,30.1
2021,12,4,0,18.8,12.5,22
2021,12,5,0,21.5,10.2,28.8
2021,12,6,0,27.4,12.8,29.2
2021,12,7,0.6,16,15,5.4
2021,12,8,2,17.3,10.7,28.2
2021,12,9,1.8,17.7,12.2,9.4
2021,12,10,0,17.9,13.5,14.5
2021,12,11,0,22.4,12.6,22.6
2021,12,12,0,28.7,10.4,31
2021,12,13,0,32.7,15.3,23.2
2021,12,14,0,21,15.9,29.4
2021,12,15,0,17.7,15.2,5.2
2021,12,16,0,19.9,12.8,30.7
2021,12,17,0,30.8,9.9,30.2
2021,12,18,0,33.5,16.6,28.1
2021,12,19,0,23.1,15.2,9.5
2021,12,20,1.8,28.6,12.2,30.9
2021,12,21,0,24.9,15.3,31.7
2021,12,22,0,19.8,15.8,26.1
2021,12,23,0,19.9,13.8,28.4
2021,12,24,0,26.4,11.9,32.3
2021,12,25,0,21.7,16.9,23.1
2021,12,26,0,18.8,15.1,15.9
2021,12,27,0.2,23.3,13.9,25.6
2021,12,28,0,22.6,11.4,30.5
2021,12,29,0,22.4,11.9,32.2
2021,12,30,0,34.4,14,31.4
2021,12,31,0,37.7,16.6,31.8
2022,1,1,0,37.1,20.5,25.3
2022,1,2,0,30.9,20.9,25.9
2022,1,3,0,20.3,16.8,30.3
2022,1,4,0,23.1,16.2,11.8
2022,1,5,0,29.3,18.5,19
2022,1,6,0,30.2,18.3,21.3
2022,1,7,1.4,25.8,20.1,12.1
2022,1,8,24.8,19.7,17.1,11.5
2022,1,9,0,21.9,16.1,26
2022,1,10,0.2,31.4,15.5,29.1
2022,1,11,0,29.7,18.5,27.3
2022,1,12,0,30.4,18.6,28.3
2022,1,13,0,34.6,17.6,25.8
2022,1,14,0,32.8,20.8,18.4
2022,1,15,6,24.2,18.8,20.3
2022,1,16,0,31.9,18.3,30.4
2022,1,17,0,24.2,18.4,19.1
2022,1,18,0,21.3,17.1,21.1
2022,1,19,0,26.7,15.4,30.6
2022,1,20,0,30.4,12.9,30.6
2022,1,21,0,29.6,17.1,30.4
2022,1,22,0,32.3,17.7,30.2
2022,1,23,0,32.6,18.1,29.5
2022,1,24,0,33.7,20.2,29.3
2022,1,25,0,31.4,20.1,29.7
2022,1,26,0,36,19.6,24.4
2022,1,27,7,32.8,21.2,24.1
2022,1,28,1.6,32.8,21.7,9
2022,1,29,38.6,21.8,17.5,12.3
2022,1,30,0,29.2,18.7,26
2022,1,31,0,34,20.1,23.9
2022,2,1,0,23.6,19.8,18.2
2022,2,2,3.2,19.9,14.9,17.2
2022,2,3,1.2,18.2,13.3,8.1
2022,2,4,0.2,24.5,11.6,25.8
2022,2,5,0,26.8,13.3,28.1
2022,2,6,0,27.9,14.1,26.9
2022,2,7,0,28.6,14.7,28
2022,2,8,0,30.5,15.4,25.3
2022,2,9,0,30.9,19.1,15.5
2022,2,10,0,22.7,17.3,22.8
2022,2,11,0,21.4,15.9,22.3
2022,2,12,0,28.3,15.7,26.5
2022,2,13,0,32.1,17.1,22
2022,2,14,0,31.6,17.8,26.5
2022,2,15,0,22.5,17.9,18.2
2022,2,16,0,25.8,16.4,14
2022,2,17,0,24.3,17.1,21.6
2022,2,18,0,21,15.4,17.6
2022,2,19,0.6,21.9,13.3,25.7
2022,2,20,0,23.8,12.7,18.7
2022,2,21,1.6,20.3,13.7,23
2022,2,22,0,22.5,13,25
2022,2,23,0,32,15.1,23.9
2022,2,24,0,22.7,19.3,15.5
2022,2,25,0,21.7,18,17.6
2022,2,26,0,29.1,18.4,22.6
2022,2,27,0,25.6,16.3,14
2022,2,28,0,23.9,18.9,12.3
2022,3,1,0,25.8,19.8,8.2
2022,3,2,6,29.6,19.7,16.5
2022,3,3,0,30.5,17.5,23.4
2022,3,4,0,32.5,18.3,16.3
2022,3,5,37.8,22.2,17.3,7.1
2022,3,6,4.8,21.8,16.6,6.5
2022,3,7,0,23.1,15.9,20.6
2022,3,8,2,20.7,15.4,9.8
2022,3,9,0,22,14.6,19
2022,3,10,0,20.4,11.8,19.3
2022,3,11,0,20.3,12,18.2
2022,3,12,0,22.6,11.7,21.4
2022,3,13,0,29.8,14,20.5
2022,3,14,0.4,28,16.4,19
2022,3,15,2,27.5,18.3,15.8
2022,3,16,0,23.2,18.9,8.8
2022,3,17,0,29.2,17.7,12.2
2022,3,18,0,21.7,19.1,8.9
2022,3,19,0,30.3,13.5,19.5
2022,3,20,0,25,15.7,16.7
2022,3,21,0,28.3,17.7,19
2022,3,22,0,22.2,18.2,6
2022,3,23,1.2,19.5,13.6,14.5
2022,3,24,0,20.3,14.4,17.5
2022,3,25,0,20.4,14,12.2
2022,3,26,0,22.3,11.1,18.4
2022,3,27,0,29.1,12.4,17.6
2022,3,28,0,24.4,16.3,10.3
2022,3,29,0,20,15.6,8.2
2022,3,30,0,20.4,15.9,12.2
2022,3,31,0,21.7,13.5,12.9
2022,4,1,0,19.1,12.8,12.3
2022,4,2,0.4,18.2,13.4,4.9
2022,4,3,1.2,17.8,14.5,5.5
2022,4,4,1.8,18.4,14.9,5.8
2022,4,5,0,19.9,11.9,12.7
2022,4,6,0,22.3,13.6,10.9
2022,4,7,0,22.8,11.3,13.6
2022,4,8,0,23.4,12.3,14.3
2022,4,9,0,25.1,16.3,9.5
2022,4,10,0,26.7,16.7,15.3
2022,4,11,1.4,18.8,14.2,8.2
2022,4,12,0,17.7,13,8.2
2022,4,13,0,20,11.4,14.3
2022,4,14,0,24.7,10.2,12.7
2022,4,15,0,26.2,13.9,11
2022,4,16,0,28.9,15.5,13.1
2022,4,17,0,28,15.7,13.4
2022,4,18,13.4,17.5,16.1,2.6
2022,4,19,13.2,15.8,15,2.2
2022,4,20,9,19.9,9,8.3
2022,4,21,0.6,17.1,12.7,8.6
2022,4,22,0.2,18.2,7.7,13.1
2022,4,23,0,17.8,7.6,13.4
2022,4,24,0,17.6,8.7,11.3
2022,4,25,0,24.2,7.7,12.9
2022,4,26,0,23.1,10,11.1
2022,4,27,0,22,13.8,8.1
2022,4,28,0,22.4,16.3,7.3
2022,4,29,0,20.8,17.7,4.9
2022,4,30,31.4,17.9,11.6,9.2
2022,5,1,0,19.3,11.7,8.8
2022,5,2,0,22.1,13.6,9.9
2022,5,3,0,20.7,11.9,11.8
2022,5,4,0,16.4,13.3,5.1
2022,5,5,0.4,14.1,6.9,11.8
2022,5,6,0,15.2,5.3,8.9
2022,5,7,1.6,15.3,9.1,4.9
2022,5,8,0,16.3,11.4,9
2022,5,9,0.6,16.6,7.9,10.4
2022,5,10,0.2,18.4,6.1,11.3
2022,5,11,0,17.5,8.7,5.8
2022,5,12,0,18.1,12.5,8.6
2022,5,13,0.8,17.9,14.4,4
2022,5,14,0,18.5,14.9,2.4
2022,5,15,2,21.8,14.3,8.7
2022,5,16,1.4,15.9,11.6,5.3
2022,5,17,3.2,15.6,9.1,7.8
2022,5,18,0,15.4,10.8,8.5
2022,5,19,0.2,14.7,8.9,5.7
2022,5,20,0,15.8,10.4,5.2
2022,5,21,0,14.9,4.6,10.3
2022,5,22,0,14.3,6.8,7.6
2022,5,23,0,17.1,6.3,9.8
2022,5,24,0,20.8,6,10.1
2022,5,25,0,19.6,7.4,8.4
2022,5,26,0.2,16.3,9.4,4.3
2022,5,27,3.4,16.6,11.8,6.8
2022,5,28,0,14.6,7.4,7.4
2022,5,29,0,16.5,6.3,7.3
2022,5,30,0,11.7,6.1,3.6
2022,5,31,10.2,11.4,7.6,5.1
2022,6,1,4.4,11.9,6.1,3.8
2022,6,2,10.8,13,4.7,8.3
2022,6,3,0,12.6,6.1,7
2022,6,4,0,14.9,8.9,7.4
2022,6,5,0.2,13.7,10.6,4
2022,6,6,2,13.3,8.2,6.7
2022,6,7,6.4,11.9,7.2,7.2
2022,6,8,3.6,12.8,7.1,6.7
2022,6,9,0,13.4,9,6
2022,6,10,0.4,14.1,10.1,7.7
2022,6,11,0,13,9.2,5.3
2022,6,12,0.2,13.3,9.8,6.9
2022,6,13,4,13,8.9,7.6
2022,6,14,0.2,13.5,6.4,6.9
2022,6,15,0,13.8,9.4,5.8
2022,6,16,0.4,14.4,10.6,5.4
2022,6,17,3.6,13.8,10.5,7.6
2022,6,18,0.2,15.7,8,8.8
2022,6,19,0.2,16.2,5.1,8.9
2022,6,20,0,17.7,6.7,6.8
2022,6,21,3.8,14.9,11,8.3
2022,6,22,1.2,15.8,7.6,6
2022,6,23,0.2,16.4,10.9,6.4
2022,6,24,4.8,17.3,11.7,7.1
2022,6,25,0.2,16.2,9.4,9.2
2022,6,26,0,13.1,10.7,5.6
2022,6,27,5.4,12.8,6.2,7.1
2022,6,28,0.2,13.4,6,6.7
2022,6,29,0,11.7,6.6,7.3
2022,6,30,0,14.1,4.3,9.1
2022,7,1,0,12.5,5.9,5.4
2022,7,2,0,12.5,7,6.8
2022,7,3,0,13.2,3.7,8.8
2022,7,4,0,13.3,4.6,9.5
2022,7,5,0,15,7.5,9.3
2022,7,6,0,17.6,3.1,9.6
2022,7,7,0.4,13.9,4.9,8.4
2022,7,8,2.4,11.9,8.2,5.4
2022,7,9,5.8,12.9,7.6,7
2022,7,10,0.6,15.9,3.8,8.4
2022,7,11,0,14,5.8,9.4
2022,7,12,1.2,11,8,5.1
2022,7,13,1.6,12.4,7.1,8.2
2022,7,14,1.6,12.6,7.5,7.6
2022,7,15,0,15.5,7.2,8.5
2022,7,16,0,13.8,8.1,6.4
2022,7,17,0,15.8,9.1,5.2
2022,7,18,4,11.4,7.2,8.3
2022,7,19,0,12.8,3.8,9.8
2022,7,20,0.2,11.2,0.8,10.4
2022,7,21,0,13.8,1.2,10.5
2022,7,22,0,19,3.4,9.9
2022,7,23,1.2,14.5,8.1,5.1
2022,7,24,7.8,19.3,10.4,10.1
2022,7,25,0,16.8,8.1,5.1
2022,7,26,4.4,13.2,8.8,6.4
2022,7,27,3,15.3,9.3,7.7
2022,7,28,1,13.2,9.3,9.3
2022,7,29,1,12.7,6.5,11.2
2022,7,30,0,13,2.1,11.3
2022,7,31,0,14.7,4.3,4.8
2022,8,1,0,15.7,7.4,9.4
2022,8,2,0.6,15.9,9.8,10.7
2022,8,3,0.8,19.2,11,11.6
2022,8,4,1.2,18.8,12,9.1
2022,8,5,0,14.1,11.8,6.9
2022,8,6,3.8,12.8,7.9,8.6
2022,8,7,1.4,14.2,8,11.5
2022,8,8,0,13.5,5.4,12.4
2022,8,9,0.2,15.4,2.6,12.5
2022,8,10,0,14.7,3.6,9
2022,8,11,0,15.7,5.4,5.3
2022,8,12,1.4,15.3,10.3,6.4
2022,8,13,0,16.2,7.6,11.4
2022,8,14,0,15.2,6.8,5.6
2022,8,15,0,16.7,10.4,9.3
2022,8,16,3.2,13.6,10.3,10.3
2022,8,17,1.8,15.6,6.9,9.6
2022,8,18,1.2,15.2,9.4,5.2
2022,8,19,12.4,16.3,8.6,12.3
2022,8,20,4.4,13.7,10.5,12.1