date,total_people,total_rain,rain_quality,max_temp,max_temp_quality,min_temp,min_temp_quality,solar_exp,WeekDay
2022-07-31,327383,0.0,N,14.7,Y,4.3,Y,4.8,6
2022-07-30,462115,0.0,N,13.0,Y,2.1,Y,11.3,5
2022-07-29,405511,1.0,N,12.7,Y,6.5,Y,11.2,4
2022-07-28,334858,1.0,N,13.2,Y,9.3,Y,9.3,3
2022-07-27,340569,3.0,N,15.3,Y,9.3,Y,7.7,2
2022-07-26,316316,4.4,N,13.2,Y,8.8,Y,6.4,1
2022-07-25,274106,0.0,N,16.8,Y,8.1,Y,5.1,0
2022-07-24,406977,7.8,N,19.3,Y,10.4,Y,10.1,6
2022-07-23,371336,1.2,N,14.5,Y,8.1,Y,5.1,5
2022-07-22,416838,0.0,N,19.0,Y,3.4,Y,9.9,4
2022-07-21,358685,0.0,N,13.8,Y,1.2,Y,10.5,3
2022-07-20,386373,0.2,N,11.2,Y,0.8,Y,10.4,2
2022-07-19,394150,0.0,N,12.8,Y,3.8,Y,9.8,1
2022-07-18,322024,4.0,N,11.4,Y,7.2,Y,8.3,0
2022-07-17,353027,0.0,N,15.8,Y,9.1,Y,5.2,6
2022-07-16,471033,0.0,N,13.8,Y,8.1,Y,6.4,5
2022-07-15,459686,0.0,N,15.5,Y,7.2,Y,8.5,4
2022-07-14,367252,1.6,N,12.6,Y,7.5,Y,7.6,3
2022-07-13,342126,1.6,N,12.4,Y,7.1,Y,8.2,2
2022-07-12,284010,1.2,N,11.0,Y,8.0,Y,5.1,1
2022-07-11,295108,0.0,N,14.0,Y,5.8,Y,9.4,0
2022-07-10,372983,0.6,N,15.9,Y,3.8,Y,8.4,6
2022-07-09,458521,5.8,N,12.9,Y,7.6,Y,7.0,5
2022-07-08,379723,2.4,N,11.9,Y,8.2,Y,5.4,4
2022-07-07,390030,0.4,N,13.9,Y,4.9,Y,8.4,3
2022-07-06,423220,0.0,N,17.6,Y,3.1,Y,9.6,2
2022-07-05,370637,0.0,N,15.0,Y,7.5,Y,9.3,1
2022-07-04,356396,0.0,N,13.3,Y,4.6,Y,9.5,0
2022-07-03,386038,0.0,N,13.2,Y,3.7,Y,8.8,6
2022-07-02,501883,0.0,N,12.5,Y,7.0,Y,6.8,5
2022-07-01,435062,0.0,N,12.5,Y,5.9,Y,5.4,4
2022-06-30,444681,0.0,N,14.1,Y,4.3,Y,9.1,3
2022-06-29,440722,0.0,N,11.7,Y,6.6,Y,7.3,2
2022-06-28,389162,0.2,N,13.4,Y,6.0,Y,6.7,1
2022-06-27,357787,5.4,N,12.8,Y,6.2,Y,7.1,0
2022-06-26,347684,0.0,N,13.1,Y,10.7,Y,5.6,6
2022-06-25,554399,0.2,N,16.2,Y,9.4,Y,9.2,5
2022-06-24,453301,4.8,N,17.3,Y,11.7,Y,7.1,4
2022-06-23,397567,0.2,N,16.4,Y,10.9,Y,6.4,3
2022-06-22,394408,1.2,N,15.8,Y,7.6,Y,6.0,2
2022-06-21,349916,3.8,N,14.9,Y,11.0,Y,8.3,1
2022-06-20,327116,0.0,N,17.7,Y,6.7,Y,6.8,0
2022-06-19,394259,0.2,N,16.2,Y,5.1,Y,8.9,6
2022-06-18,507418,0.2,N,15.7,Y,8.0,Y,8.8,5
2022-06-17,449618,3.6,N,13.8,Y,10.5,Y,7.6,4
2022-06-16,349039,0.4,N,14.4,Y,10.6,Y,5.4,3
2022-06-15,341787,0.0,N,13.8,Y,9.4,Y,5.8,2
2022-06-14,321941,0.2,N,13.5,Y,6.4,Y,6.9,1
2022-06-13,348091,4.0,N,13.0,Y,8.9,Y,7.6,0
2022-06-12,481918,0.2,N,13.3,Y,9.8,Y,6.9,6
2022-06-11,535643,0.0,N,13.0,Y,9.2,Y,5.3,5
2022-06-10,457746,0.4,N,14.1,Y,10.1,Y,7.7,4
2022-06-09,355992,0.0,N,13.4,Y,9.0,Y,6.0,3
2022-06-08,356351,3.6,N,12.8,Y,7.1,Y,6.7,2
2022-06-07,297106,6.4,N,11.9,Y,7.2,Y,7.2,1
2022-06-06,289301,2.0,N,13.3,Y,8.2,Y,6.7,0
2022-06-05,350874,0.2,N,13.7,Y,10.6,Y,4.0,6
2022-06-04,502668,0.0,N,14.9,Y,8.9,Y,7.4,5
2022-06-03,425071,0.0,N,12.6,Y,6.1,Y,7.0,4
2022-06-02,355834,10.8,N,13.0,Y,4.7,Y,8.3,3
2022-06-01,266898,4.4,N,11.9,Y,6.1,Y,3.8,2
2022-05-31,292125,10.2,N,11.4,Y,7.6,Y,5.1,1
2022-05-30,246741,0.0,N,11.7,Y,6.1,Y,3.6,0
2022-05-29,393216,0.0,N,16.5,Y,6.3,Y,7.3,6
2022-05-28,512767,0.0,N,14.6,Y,7.4,Y,7.4,5
2022-05-27,433927,3.4,N,16.6,Y,11.8,Y,6.8,4
2022-05-26,361682,0.2,N,16.3,Y,9.4,Y,4.3,3
2022-05-25,362992,0.0,N,19.6,Y,7.4,Y,8.4,2
2022-05-24,366155,0.0,N,20.8,Y,6.0,Y,10.1,1
2022-05-23,316774,0.0,N,17.1,Y,6.3,Y,9.8,0
2022-05-22,368910,0.0,N,14.3,Y,6.8,Y,7.6,6
2022-05-21,511973,0.0,N,14.9,Y,4.6,Y,10.3,5
2022-05-20,451122,0.0,N,15.8,Y,10.4,Y,5.2,4
2022-05-19,384217,0.2,N,14.7,Y,8.9,Y,5.7,3
2022-05-18,369180,0.0,N,15.4,Y,10.8,Y,8.5,2
2022-05-17,368089,3.2,N,15.6,Y,9.1,Y,7.8,1
2022-05-16,309336,1.4,N,15.9,Y,11.6,Y,5.3,0
2022-05-15,419038,2.0,N,21.8,Y,14.3,Y,8.7,6
2022-05-14,552349,0.0,N,18.5,Y,14.9,Y,2.4,5
2022-05-13,468219,0.8,N,17.9,Y,14.4,Y,4.0,4
2022-05-12,380344,0.0,N,18.1,Y,12.5,Y,8.6,3
2022-05-11,358866,0.0,N,17.5,Y,8.7,Y,5.8,2
2022-05-10,366277,0.2,N,18.4,Y,6.1,Y,11.3,1
2022-05-09,316045,0.6,N,16.6,Y,7.9,Y,10.4,0
2022-05-08,371252,0.0,N,16.3,Y,11.4,Y,9.0,6
2022-05-07,465876,1.6,N,15.3,Y,9.1,Y,4.9,5
2022-05-06,401208,0.0,N,15.2,Y,5.3,Y,8.9,4
2022-05-05,388036,0.4,N,14.1,Y,6.9,Y,11.8,3
2022-05-04,356204,0.0,N,16.4,Y,13.3,Y,5.1,2
2022-05-03,365384,0.0,N,20.7,Y,11.9,Y,11.8,1
2022-05-02,337870,0.0,N,22.1,Y,13.6,Y,9.9,0
2022-05-01,396405,0.0,N,19.3,Y,11.7,Y,8.8,6
2022-04-30,467242,31.4,N,17.9,Y,11.6,Y,9.2,5
2022-04-29,356465,0.0,N,20.8,Y,17.7,Y,4.9,4
2022-04-28,367319,0.0,N,22.4,Y,16.3,Y,7.3,3
2022-04-27,331293,0.0,N,22.0,Y,13.8,Y,8.1,2
2022-04-26,326627,0.0,N,23.1,Y,10.0,Y,11.1,1
2022-04-25,396577,0.0,N,24.2,Y,7.7,Y,12.9,0
2022-04-24,489266,0.0,N,17.6,Y,8.7,Y,11.3,6
2022-04-23,563433,0.0,N,17.8,Y,7.6,Y,13.4,5
2022-04-22,505425,0.2,N,18.2,Y,7.7,Y,13.1,4
2022-04-21,445103,0.6,N,17.1,Y,12.7,Y,8.6,3
2022-04-20,426978,9.0,N,19.9,Y,9.0,Y,8.3,2
2022-04-19,330994,13.2,N,15.8,Y,15.0,Y,2.2,1
2022-04-18,316898,13.4,N,17.5,Y,16.1,Y,2.6,0
2022-04-17,443602,0.0,N,28.0,Y,15.7,Y,13.4,6
2022-04-16,570005,0.0,N,28.9,Y,15.5,Y,13.1,5
2022-04-15,439553,0.0,N,26.2,Y,13.9,Y,11.0,4
2022-04-14,479107,0.0,N,24.7,Y,10.2,Y,12.7,3
2022-04-13,450585,0.0,N,20.0,Y,11.4,Y,14.3,2
2022-04-12,444829,0.0,N,17.7,Y,13.0,Y,8.2,1
2022-04-11,414494,1.4,N,18.8,Y,14.2,Y,8.2,0
2022-04-10,499763,0.0,N,26.7,Y,16.7,Y,15.3,6
2022-04-09,615940,0.0,N,25.1,Y,16.3,Y,9.5,5
2022-04-08,526164,0.0,N,23.4,Y,12.3,Y,14.3,4
2022-04-07,435683,0.0,N,22.8,Y,11.3,Y,13.6,3
2022-04-06,398451,0.0,N,22.3,Y,13.6,Y,10.9,2
2022-04-05,372479,0.0,N,19.9,Y,11.9,Y,12.7,1
2022-04-04,317327,1.8,N,18.4,Y,14.9,Y,5.8,0
2022-04-03,400726,1.2,N,17.8,Y,14.5,Y,5.5,6
2022-04-02,481195,0.4,N,18.2,Y,13.4,Y,4.9,5
2022-04-01,437674,0.0,N,19.1,Y,12.8,Y,12.3,4
2022-03-31,346682,0.0,N,21.7,N,13.5,N,12.9,3
2022-03-30,324164,0.0,N,20.4,N,15.9,N,12.2,2
2022-03-29,304375,0.0,N,20.0,N,15.6,N,8.2,1
2022-03-28,273283,0.0,N,24.4,N,16.3,N,10.3,0
2022-03-27,311760,0.0,N,29.1,N,12.4,N,17.6,6
2022-03-26,425986,0.0,N,22.3,N,11.1,N,18.4,5
2022-03-25,379657,0.0,Y,20.4,N,14.0,Y,12.2,4
2022-03-24,349275,0.0,N,20.3,Y,14.4,N,17.5,3
2022-03-23,334900,1.2,N,19.5,N,13.6,N,14.5,2
2022-03-22,291177,0.0,N,22.2,N,18.2,N,6.0,1
2022-03-21,278767,0.0,N,28.3,N,17.7,N,19.0,0
2022-03-20,311307,0.0,N,25.0,N,15.7,N,16.7,6
2022-03-19,420557,0.0,N,30.3,N,13.5,N,19.5,5
2022-03-18,378303,0.0,N,21.7,N,19.1,N,8.9,4
2022-03-17,350232,0.0,N,29.2,N,17.7,N,12.2,3
2022-03-16,329757,0.0,N,23.2,N,18.9,N,8.8,2
2022-03-15,292404,2.0,N,27.5,N,18.3,N,15.8,1
2022-03-14,357154,0.4,N,28.0,N,16.4,N,19.0,0
2022-03-13,461228,0.0,N,29.8,N,14.0,N,20.5,6
2022-03-12,488499,0.0,N,22.6,N,11.7,N,21.4,5
2022-03-11,378195,0.0,N,20.3,N,12.0,N,18.2,4
2022-03-10,331910,0.0,N,20.4,N,11.8,N,19.3,3
2022-03-09,317700,0.0,N,22.0,N,14.6,N,19.0,2
2022-03-08,313678,2.0,N,20.7,N,15.4,N,9.8,1
2022-03-07,283267,0.0,N,23.1,N,15.9,N,20.6,0
2022-03-06,273770,4.8,N,21.8,N,16.6,N,6.5,6
2022-03-05,347792,37.8,N,22.2,N,17.3,N,7.1,5
2022-03-04,337901,0.0,N,32.5,N,18.3,N,16.3,4
2022-03-03,311522,0.0,N,30.5,N,17.5,N,23.4,3
2022-03-02,300513,6.0,N,29.6,N,19.7,N,16.5,2
2022-03-01,272364,0.0,N,25.8,N,19.8,N,8.2,1
2022-02-28,346559,0.0,N,23.9,Y,18.9,Y,12.3,0
2022-02-27,398309,0.0,N,25.6,Y,16.3,Y,14.0,6
2022-02-26,537273,0.0,N,29.1,Y,18.4,Y,22.6,5
2022-02-25,450165,0.0,N,21.7,Y,18.0,Y,17.6,4
2022-02-24,364531,0.0,N,22.7,Y,19.3,Y,15.5,3
2022-02-23,350809,0.0,N,32.0,Y,15.1,Y,23.9,2
2022-02-22,343774,0.0,N,22.5,Y,13.0,Y,25.0,1
2022-02-21,310014,1.6,N,20.3,Y,13.7,Y,23.0,0
2022-02-20,386008,0.0,N,23.8,Y,12.7,Y,18.7,6
2022-02-19,517922,0.6,N,21.9,Y,13.3,Y,25.7,5
2022-02-18,432394,0.0,N,21.0,Y,15.4,Y,17.6,4
2022-02-17,342887,0.0,N,24.3,Y,17.1,Y,21.6,3
2022-02-16,323299,0.0,N,25.8,Y,16.4,Y,14.0,2
2022-02-15,311349,0.0,N,22.5,Y,17.9,Y,18.2,1
2022-02-14,329486,0.0,N,31.6,Y,17.8,Y,26.5,0
2022-02-13,335177,0.0,N,32.1,Y,17.1,Y,22.0,6
2022-02-12,472866,0.0,N,28.3,Y,15.7,Y,26.5,5
2022-02-11,384121,0.0,N,21.4,Y,15.9,Y,22.3,4
2022-02-10,317538,0.0,N,22.7,Y,17.3,Y,22.8,3
2022-02-09,300513,0.0,N,30.9,Y,19.1,Y,15.5,2
2022-02-08,284861,0.0,N,30.5,Y,15.4,Y,25.3,1
2022-02-07,275835,0.0,N,28.6,Y,14.7,Y,28.0,0
2022-02-06,358587,0.0,N,27.9,Y,14.1,Y,26.9,6
2022-02-05,465237,0.0,N,26.8,Y,13.3,Y,28.1,5
2022-02-04,364975,0.2,N,24.5,Y,11.6,Y,25.8,4
2022-02-03,280271,1.2,N,18.2,Y,13.3,Y,8.1,3
2022-02-02,279330,3.2,N,19.9,Y,14.9,Y,17.2,2
2022-02-01,272041,0.0,N,23.6,Y,19.8,Y,18.2,1
2022-01-31,293008,0.0,N,34.0,Y,20.1,Y,23.9,0
2022-01-30,369180,0.0,N,29.2,Y,18.7,Y,26.0,6
2022-01-29,455520,38.6,N,21.8,Y,17.5,Y,12.3,5
2022-01-28,291979,1.6,N,32.8,Y,21.7,Y,9.0,4
2022-01-27,313676,7.0,N,32.8,Y,21.2,Y,24.1,3
2022-01-26,308064,0.0,N,36.0,Y,19.6,Y,24.4,2
2022-01-25,338201,0.0,N,31.4,Y,20.1,Y,29.7,1
2022-01-24,292979,0.0,N,33.7,Y,20.2,Y,29.3,0
2022-01-23,354155,0.0,N,32.6,Y,18.1,Y,29.5,6
2022-01-22,444365,0.0,N,32.3,Y,17.7,Y,30.2,5
2022-01-21,394106,0.0,N,29.6,Y,17.1,Y,30.4,4
2022-01-20,337860,0.0,N,30.4,Y,12.9,Y,30.6,3
2022-01-19,331012,0.0,N,26.7,Y,15.4,Y,30.6,2
2022-01-18,309359,0.0,N,21.3,Y,17.1,Y,21.1,1
2022-01-17,289691,0.0,N,24.2,Y,18.4,Y,19.1,0
2022-01-16,317230,0.0,N,31.9,Y,18.3,Y,30.4,6
2022-01-15,379340,6.0,N,24.2,Y,18.8,Y,20.3,5
2022-01-14,299387,0.0,N,32.8,Y,20.8,Y,18.4,4
2022-01-13,257684,0.0,N,34.6,Y,17.6,Y,25.8,3
2022-01-12,272946,0.0,N,30.4,Y,18.6,Y,28.3,2
2022-01-11,262354,0.0,N,29.7,Y,18.5,Y,27.3,1
2022-01-10,258998,0.2,N,31.4,Y,15.5,Y,29.1,0
2022-01-09,279634,0.0,N,21.9,Y,16.1,Y,26.0,6
2022-01-08,312566,24.8,N,19.7,Y,17.1,Y,11.5,5
2022-01-07,287120,1.4,N,25.8,Y,20.1,Y,12.1,4
2022-01-06,297833,0.0,N,30.2,Y,18.3,Y,21.3,3
2022-01-05,308639,0.0,N,29.3,Y,18.5,Y,19.0,2
2022-01-04,332428,0.0,N,23.1,Y,16.2,Y,11.8,1
2022-01-03,349159,0.0,N,20.3,Y,16.8,Y,30.3,0
2022-01-02,336214,0.0,N,30.9,Y,20.9,Y,25.9,6
2022-01-01,369862,0.0,N,37.1,Y,20.5,Y,25.3,5
2021-12-31,323497,0.0,N,37.7,Y,16.6,Y,31.8,4
2021-12-30,324047,0.0,N,34.4,Y,14.0,Y,31.4,3
2021-12-29,359146,0.0,N,22.4,Y,11.9,Y,32.2,2
2021-12-28,397342,0.0,N,22.6,Y,11.4,Y,30.5,1
2021-12-27,378037,0.2,N,23.3,Y,13.9,Y,25.6,0
2021-12-26,398546,0.0,N,18.8,Y,15.1,Y,15.9,6
2021-12-25,234852,0.0,N,21.7,Y,16.9,Y,23.1,5
2021-12-24,389753,0.0,N,26.4,Y,11.9,Y,32.3,4
2021-12-23,433771,0.0,N,19.9,Y,13.8,Y,28.4,3
2021-12-22,420964,0.0,N,19.8,Y,15.8,Y,26.1,2
2021-12-21,409645,0.0,N,24.9,Y,15.3,Y,31.7,1
2021-12-20,394666,1.8,N,28.6,Y,12.2,Y,30.9,0
2021-12-19,359449,0.0,N,23.1,Y,15.2,Y,9.5,6
2021-12-18,476995,0.0,N,33.5,Y,16.6,Y,28.1,5
2021-12-17,474115,0.0,N,30.8,Y,9.9,Y,30.2,4
2021-12-16,438416,0.0,N,19.9,Y,12.8,Y,30.7,3
2021-12-15,401956,0.0,N,17.7,Y,15.2,Y,5.2,2
2021-12-14,365569,0.0,N,21.0,Y,15.9,Y,29.4,1
2021-12-13,318565,0.0,N,32.7,Y,15.3,Y,23.2,0
2021-12-12,461539,0.0,N,28.7,Y,10.4,Y,31.0,6
2021-12-11,528052,0.0,N,22.4,Y,12.6,Y,22.6,5
2021-12-10,451440,0.0,N,17.9,Y,13.5,Y,14.5,4
2021-12-09,353054,1.8,N,17.7,Y,12.2,Y,9.4,3
2021-12-08,354583,2.0,N,17.3,Y,10.7,Y,28.2,2
2021-12-07,298883,0.6,N,16.0,Y,15.0,Y,5.4,1
2021-12-06,311564,0.0,N,27.4,Y,12.8,Y,29.2,0
2021-12-05,385920,0.0,N,21.5,Y,10.2,Y,28.8,6
2021-12-04,460112,0.0,N,18.8,Y,12.5,Y,22.0,5
2021-12-03,404104,8.8,N,20.4,Y,13.0,Y,30.1,4
2021-12-02,284493,11.8,N,33.0,Y,18.4,Y,23.5,3
2021-12-01,272570,0.0,N,32.4,Y,18.5,Y,17.7,2
2021-11-30,287471,0.0,N,31.6,Y,14.4,Y,28.5,1
2021-11-29,288175,0.0,N,28.7,Y,10.1,Y,28.6,0
2021-11-28,368545,0.0,N,22.1,Y,9.8,Y,31.1,6
2021-11-27,493321,0.0,N,21.6,Y,11.4,Y,30.2,5
2021-11-26,394878,0.6,N,20.6,Y,13.0,Y,21.2,4
2021-11-25,287160,0.0,N,16.7,Y,15.4,Y,2.3,3
2021-11-24,286221,0.0,N,26.6,Y,17.5,Y,23.4,2
2021-11-23,283486,0.0,N,26.1,Y,14.7,Y,18.2,1
2021-11-22,260238,0.0,N,20.8,Y,10.2,Y,30.4,0
2021-11-21,333853,0.0,N,17.2,Y,11.8,Y,25.6,6
2021-11-20,492839,0.0,N,16.9,Y,13.0,Y,25.0,5
2021-11-19,345396,0.2,N,17.3,Y,13.1,Y,18.7,4
2021-11-18,282036,0.0,N,26.9,Y,10.9,Y,17.8,3
2021-11-17,286736,0.0,N,19.8,Y,10.1,Y,25.2,2
2021-11-16,251412,0.2,N,15.0,Y,8.2,Y,19.5,1
2021-11-15,224407,1.6,N,13.8,Y,8.7,Y,17.8,0
2021-11-14,258131,1.6,N,15.3,Y,7.6,Y,19.6,6
2021-11-13,382530,10.4,N,14.6,Y,10.3,Y,14.8,5
2021-11-12,243408,1.0,N,14.0,Y,11.0,Y,5.6,4
2021-11-11,248077,10.0,N,16.4,Y,8.7,Y,21.0,3
2021-11-10,205541,10.0,N,15.2,Y,11.7,Y,11.1,2
2021-11-09,239465,0.0,N,20.3,Y,8.0,Y,26.2,1
2021-11-08,217738,0.2,N,17.4,Y,12.0,Y,22.4,0
2021-11-07,250532,15.4,N,16.5,Y,12.9,Y,11.1,6
2021-11-06,348916,0.0,N,27.0,Y,16.6,Y,17.6,5
2021-11-05,283807,0.0,N,22.9,Y,13.3,Y,25.1,4
2021-11-04,218795,45.4,N,17.5,Y,13.5,Y,24.1,3
2021-11-03,149652,0.0,N,25.1,Y,16.5,Y,6.7,2
2021-11-02,230588,0.0,N,29.7,Y,11.1,Y,27.5,1
2021-11-01,269136,0.0,N,23.2,Y,8.7,Y,27.6,0
2021-10-31,42729,0.4,N,19.6,Y,6.7,Y,27.4,6
2021-10-30,35560,1.0,N,15.9,Y,7.3,Y,14.9,5
2021-10-29,23025,5.0,N,15.5,Y,11.3,Y,13.3,4
2021-10-28,18424,0.2,N,28.3,Y,15.4,Y,20.3,3
2021-10-27,27145,0.0,N,27.2,Y,9.4,Y,25.8,2
2021-10-26,24059,0.0,N,18.1,Y,6.3,Y,26.6,1
2021-10-25,20222,0.8,N,15.2,Y,10.4,Y,24.0,0
2021-10-24,29858,2.0,N,15.3,Y,10.1,Y,21.6,6
2021-10-23,25948,14.6,N,16.1,Y,12.7,Y,10.2,5
2021-10-22,29631,0.0,N,27.3,Y,13.7,Y,19.1,4
2021-10-21,17473,0.0,N,25.8,Y,13.1,Y,21.1,3
2021-10-20,20155,0.0,N,23.0,Y,8.4,Y,25.4,2
2021-10-19,16243,0.8,N,16.4,Y,9.2,Y,16.6,1
2021-10-18,13756,0.0,N,16.9,Y,9.9,Y,9.3,0
2021-10-17,20100,0.4,N,17.4,Y,10.8,Y,18.8,6
2021-10-16,14380,26.4,N,16.0,Y,11.1,Y,13.0,5
2021-10-15,10309,0.6,N,17.1,Y,9.3,Y,14.5,4
2021-10-14,16249,14.8,N,19.4,Y,8.2,Y,23.0,3
2021-10-13,14650,0.0,N,18.8,Y,9.9,Y,12.3,2
2021-10-12,17171,0.0,N,21.3,Y,5.5,Y,20.0,1
2021-10-11,13352,0.4,N,14.4,Y,7.4,Y,12.5,0
2021-10-10,18333,2.2,N,14.9,Y,10.0,Y,22.3,6
2021-10-09,18302,0.0,N,24.8,Y,11.5,Y,18.7,5
2021-10-08,17561,0.0,N,20.8,Y,7.0,Y,22.9,4
2021-10-07,15314,4.0,N,16.4,Y,9.4,Y,18.4,3
2021-10-06,16978,0.2,N,21.6,Y,8.2,Y,21.4,2
2021-10-05,14776,2.2,N,17.4,Y,11.5,Y,13.4,1
2021-10-04,13226,1.0,N,18.1,Y,11.8,Y,15.0,0
2021-10-03,16112,0.0,N,22.0,Y,12.6,Y,16.1,6
2021-10-02,17507,11.6,N,17.2,Y,13.4,Y,18.0,5
2021-10-01,14630,21.8,N,22.2,Y,13.6,Y,18.1,4
2021-09-30,48772,3.4,N,18.1,Y,13.1,Y,8.4,3
2021-09-29,56693,0.0,N,19.3,Y,12.6,Y,10.4,2
2021-09-28,70695,0.0,N,23.0,Y,7.7,Y,19.0,1
2021-09-27,67351,0.0,N,19.4,Y,5.1,Y,20.4,0
2021-09-26,65565,0.2,N,15.4,Y,5.0,Y,20.4,6
2021-09-25,56212,0.0,N,12.8,Y,7.1,Y,17.9,5
2021-09-24,58075,0.0,N,18.8,Y,11.0,Y,12.9,4
2021-09-23,70591,0.0,N,21.5,Y,10.0,Y,19.0,3
2021-09-22,72071,0.2,N,17.8,Y,7.9,Y,13.0,2
2021-09-21,67593,8.0,N,13.2,Y,6.3,Y,14.4,1
2021-09-20,52560,0.4,N,13.8,Y,10.7,Y,12.1,0
2021-09-19,60060,0.8,N,18.0,Y,8.7,Y,11.7,6
2021-09-18,52187,0.8,N,16.2,Y,12.1,Y,9.2,5
2021-09-17,67711,0.0,N,22.2,Y,7.1,Y,11.6,4
2021-09-16,67560,0.0,N,16.0,Y,4.5,Y,16.8,3
2021-09-15,67337,0.2,N,15.9,Y,5.3,Y,17.8,2
2021-09-14,66557,0.2,N,14.1,Y,5.5,Y,18.0,1
2021-09-13,61267,5.6,N,14.3,Y,7.1,Y,17.9,0
2021-09-12,55544,0.0,N,16.2,Y,10.3,Y,11.5,6
2021-09-11,63073,0.0,N,22.8,Y,13.2,Y,7.1,5
2021-09-10,65341,0.0,N,18.8,Y,11.4,Y,12.6,4
2021-09-09,65979,0.0,N,25.8,Y,12.2,Y,17.1,3
2021-09-08,63812,0.0,N,20.8,Y,9.7,Y,17.3,2
2021-09-07,55025,0.0,N,16.2,Y,10.5,Y,11.3,1
2021-09-06,58770,1.0,N,15.5,Y,9.1,Y,16.3,0
2021-09-05,49771,9.6,N,13.6,Y,8.3,Y,12.1,6
2021-09-04,55432,38.2,N,14.1,Y,10.1,Y,12.2,5
2021-09-03,44650,0.0,N,23.0,Y,20.1,Y,4.8,4
2021-09-02,68374,0.0,N,26.6,Y,15.0,Y,16.3,3
2021-09-01,69723,0.0,N,23.5,Y,9.8,Y,16.1,2
2021-08-31,53446,0.0,N,20.1,N,11.0,N,10.3,1
2021-08-30,55518,4.0,N,17.6,N,6.4,N,14.7,0
2021-08-29,40167,0.6,N,16.2,N,9.1,N,7.8,6
2021-08-28,57402,0.0,N,17.8,N,5.3,N,15.3,5
2021-08-27,56397,0.0,N,13.6,N,4.6,N,10.3,4
2021-08-26,51520,1.2,N,12.9,N,5.5,N,8.1,3
2021-08-25,52161,2.2,N,14.1,N,8.0,N,11.0,2
2021-08-24,51172,10.4,N,13.1,N,6.4,N,14.0,1
2021-08-23,43461,0.8,N,14.3,N,10.8,N,12.1,0
2021-08-22,50580,0.0,N,22.2,N,11.3,N,14.4,6
2021-08-21,57221,1.0,N,20.0,N,10.6,N,11.7,5
2021-08-20,53164,0.8,N,17.3,N,8.7,N,8.6,4
2021-08-19,56315,0.0,Y,17.4,N,8.2,Y,13.4,3
2021-08-18,52962,0.6,N,15.5,Y,7.6,N,8.7,2
2021-08-17,50790,0.4,N,13.9,N,9.8,N,10.6,1
2021-08-16,52595,0.2,N,14.4,N,11.0,N,9.7,0
2021-08-15,55032,0.0,N,19.0,N,10.1,N,13.2,6
2021-08-14,59482,0.0,N,18.4,N,6.9,N,11.9,5
2021-08-13,65407,0.0,N,17.6,N,8.1,N,10.6,4
2021-08-12,59857,2.8,N,16.6,N,8.1,N,10.1,3
2021-08-11,55399,0.0,N,19.2,N,12.4,N,8.0,2
2021-08-10,57684,0.0,N,17.7,N,9.1,N,11.4,1
2021-08-09,54309,0.0,N,16.4,N,7.1,N,7.2,0
2021-08-08,49295,0.6,N,16.4,N,5.8,N,10.1,6
2021-08-07,49058,0.0,N,15.5,N,10.5,N,8.1,5
2021-08-06,53458,0.2,N,14.2,N,10.7,N,5.9,4
2021-08-05,127664,0.4,N,15.8,N,9.8,N,9.0,3
2021-08-04,114446,0.6,N,14.5,N,7.8,N,9.6,2
2021-08-03,110561,4.8,N,14.5,N,8.7,N,9.5,1
2021-08-02,111492,0.0,N,15.4,N,6.5,N,11.5,0
2021-08-01,120597,18.0,N,15.7,N,8.0,N,10.7,6
2021-07-31,442730,0.0,N,18.1,N,9.9,N,10.3,5
2021-07-30,383044,0.0,N,14.9,N,8.0,N,9.8,4
2021-07-29,323787,0.8,N,15.4,N,6.7,N,10.2,3
2021-07-28,277925,0.0,N,16.8,N,11.1,N,8.8,2
2021-07-27,163409,0.0,N,17.1,N,10.1,N,8.4,1
2021-07-26,156749,0.0,N,16.4,N,8.1,N,7.7,0
2021-07-25,142662,0.8,N,13.0,N,5.8,N,7.8,6
2021-07-24,179451,0.0,N,14.4,N,7.5,N,7.8,5
2021-07-23,164414,0.0,N,11.3,N,7.8,N,5.0,4
2021-07-22,160265,0.6,N,11.8,N,5.1,N,8.1,3
2021-07-21,161338,10.8,N,13.6,N,6.5,N,8.0,2
2021-07-20,110157,0.6,N,11.4,N,9.9,N,3.8,1
2021-07-19,147649,0.0,N,13.0,N,9.1,N,5.6,0
2021-07-18,145048,4.2,N,14.2,N,8.5,N,8.3,6
2021-07-17,114937,0.2,N,13.7,N,7.6,N,5.5,5
2021-07-16,153873,0.2,N,15.2,N,10.9,N,5.4,4
2021-07-15,450133,3.0,N,17.1,N,10.0,N,8.3,3
2021-07-14,427993,2.2,N,13.9,N,9.8,N,6.7,2
2021-07-13,434748,0.4,N,14.4,N,8.9,N,8.4,1
2021-07-12,417238,0.0,N,16.1,N,5.9,N,8.5,0
2021-07-11,487400,0.0,N,16.1,N,5.0,N,9.1,6
2021-07-10,626250,0.0,N,14.2,N,3.2,N,9.7,5
2021-07-09,665736,,,12.0,N,2.0,Y,9.7,4
2021-07-08,559751,,,,,,,9.5,3
2021-07-07,545835,0.0,N,13.1,Y,6.8,N,7.3,2
2021-07-06,517908,0.0,N,13.2,N,6.7,N,6.6,1
2021-07-05,467501,0.4,N,13.1,N,4.6,N,5.8,0
2021-07-04,454924,0.2,N,13.1,N,6.5,N,5.1,6
2021-07-03,579196,6.6,N,10.6,N,6.6,N,7.8,5
2021-07-02,535812,0.2,N,14.5,N,9.7,N,6.5,4
2021-07-01,548766,0.0,N,17.2,N,10.5,N,9.3,3
2021-06-30,264769,0.0,N,16.9,Y,5.5,Y,7.7,2
2021-06-29,255634,0.0,N,16.7,Y,4.2,Y,9.2,1
2021-06-28,235550,0.0,N,15.1,Y,6.4,Y,9.2,0
2021-06-27,233771,0.0,N,15.3,Y,9.7,Y,8.5,6
2021-06-26,243149,5.6,N,13.4,Y,10.0,Y,6.3,5
2021-06-25,195308,0.6,N,13.2,Y,10.6,Y,3.2,4
2021-06-24,180643,0.0,N,16.7,Y,9.8,Y,7.6,3
2021-06-23,163654,0.0,N,15.3,Y,5.6,Y,3.2,2
2021-06-22,163861,0.0,N,16.3,Y,3.7,Y,8.5,1
2021-06-21,156560,0.2,N,15.4,Y,3.9,Y,9.2,0
2021-06-20,172600,0.0,N,14.5,Y,5.2,Y,7.3,6
2021-06-19,215314,2.2,N,16.2,Y,9.1,Y,6.8,5
2021-06-18,164643,1.6,N,13.2,Y,6.1,Y,5.3,4
2021-06-17,139129,0.8,N,12.9,Y,7.8,Y,5.2,3
2021-06-16,139752,1.8,N,16.0,Y,8.3,Y,4.9,2
2021-06-15,132918,0.0,N,15.6,Y,7.0,Y,7.3,1
2021-06-14,136185,0.0,N,16.4,Y,9.7,Y,6.0,0
2021-06-13,181070,0.0,N,15.9,Y,10.9,Y,7.5,6
2021-06-12,182888,9.4,N,16.5,Y,7.4,Y,6.5,5
2021-06-11,152498,0.4,N,15.0,Y,6.8,Y,7.5,4
2021-06-10,70495,12.0,N,15.1,Y,9.7,Y,4.4,3
2021-06-09,53109,4.0,N,14.7,Y,7.8,Y,3.1,2
2021-06-08,64328,3.0,N,13.2,Y,9.3,Y,5.2,1
2021-06-07,73271,0.0,N,17.2,Y,10.7,Y,7.0,0
2021-06-06,68431,0.0,N,14.7,Y,6.7,Y,5.8,6
2021-06-05,74837,0.0,N,12.9,Y,3.8,Y,7.8,5
2021-06-04,75212,2.0,N,13.6,Y,10.0,Y,6.8,4
2021-06-03,76076,0.2,N,16.9,Y,10.4,Y,9.5,3
2021-06-02,73580,0.0,N,19.6,Y,9.2,Y,9.4,2
2021-06-01,68436,0.0,N,15.7,Y,5.7,Y,5.2,1
2021-05-31,68355,0.0,N,16.1,Y,3.0,Y,9.6,0
2021-05-30,69564,0.0,N,14.5,Y,1.7,Y,9.7,6
2021-05-29,65141,0.0,N,13.1,Y,10.4,Y,6.8,5
2021-05-28,64515,0.4,N,13.8,Y,11.0,Y,6.6,4
2021-05-27,166024,0.4,N,15.0,Y,9.8,Y,5.9,3
2021-05-26,184518,5.0,N,14.7,Y,11.9,Y,5.7,2
2021-05-25,197937,0.0,N,20.9,Y,10.6,Y,4.8,1
2021-05-24,217572,0.0,N,19.9,Y,6.8,Y,8.7,0
2021-05-23,273297,0.0,N,20.2,Y,6.1,Y,10.1,6
2021-05-22,372196,0.0,N,19.2,Y,3.6,Y,10.2,5
2021-05-21,329858,0.0,N,17.7,Y,6.2,Y,10.2,4
2021-05-20,249468,0.0,N,17.0,Y,12.0,Y,4.1,3
2021-05-19,252342,0.0,N,18.5,Y,9.8,Y,9.9,2
2021-05-18,235748,0.0,N,16.0,Y,10.0,Y,5.7,1
2021-05-17,214790,0.4,N,15.4,Y,10.2,Y,9.3,0
2021-05-16,240967,0.2,N,15.5,Y,8.3,Y,6.8,6
2021-05-15,317155,7.4,N,12.9,Y,7.3,Y,8.0,5
2021-05-14,292871,4.2,N,15.6,Y,7.8,Y,8.1,4
2021-05-13,226007,0.0,N,17.6,Y,8.1,Y,5.4,3
2021-05-12,247228,0.8,N,18.5,Y,7.3,Y,11.2,2
2021-05-11,211878,15.8,N,16.3,Y,10.7,Y,6.6,1
2021-05-10,195784,0.2,N,16.9,Y,11.7,Y,2.8,0
2021-05-09,255850,0.4,N,20.5,Y,11.0,Y,10.1,6
2021-05-08,329662,0.0,N,19.8,Y,9.9,Y,8.5,5
2021-05-07,322403,0.2,N,21.5,Y,10.5,Y,9.1,4
2021-05-06,266418,0.0,N,22.2,Y,7.6,Y,11.8,3
2021-05-05,253474,0.0,N,17.3,Y,7.2,Y,11.5,2
2021-05-04,216252,30.8,N,15.5,Y,9.4,Y,3.4,1
2021-05-03,199613,0.2,N,18.2,Y,12.5,Y,7.4,0
2021-05-02,263069,0.0,N,26.0,Y,13.7,Y,9.8,6
2021-05-01,351792,0.0,N,24.6,Y,11.2,Y,11.8,5
2021-04-30,434911,0.0,N,24.4,Y,9.5,Y,12.5,4
2021-04-29,366029,0.0,N,18.4,Y,8.2,Y,12.7,3
2021-04-28,356416,0.4,N,16.9,Y,7.4,Y,12.7,2
2021-04-27,325551,0.6,N,16.6,Y,11.8,Y,7.9,1
2021-04-26,303122,1.2,N,17.9,Y,10.9,Y,8.1,0
2021-04-25,348318,2.6,N,17.8,Y,9.9,Y,8.9,6
2021-04-24,409052,0.0,N,18.3,Y,13.1,Y,6.0,5
2021-04-23,413982,0.4,N,17.3,Y,12.1,Y,8.1,4
2021-04-22,354084,0.0,N,17.0,Y,9.9,Y,6.3,3
2021-04-21,345711,10.4,N,14.9,Y,7.1,Y,11.7,2
2021-04-20,266241,0.0,N,18.7,Y,14.0,Y,3.6,1
2021-04-19,305507,0.0,N,20.6,Y,12.0,Y,5.2,0
2021-04-18,371045,0.0,N,18.8,Y,13.1,Y,7.6,6
2021-04-17,512343,0.0,N,17.7,Y,12.3,Y,9.6,5
2021-04-16,515093,1.0,N,15.1,Y,11.5,Y,5.3,4
2021-04-15,444188,0.0,N,20.2,Y,14.0,Y,8.4,3
2021-04-14,421300,0.0,N,20.8,Y,11.5,Y,8.4,2
2021-04-13,399870,0.6,N,20.0,Y,7.8,Y,9.3,1
2021-04-12,353102,10.0,N,16.8,Y,9.7,Y,11.4,0
2021-04-11,298437,3.4,N,14.5,Y,8.1,Y,7.3,6
2021-04-10,434482,0.2,N,18.3,Y,12.9,Y,8.2,5
2021-04-09,453178,6.2,N,17.3,Y,13.8,Y,9.7,4
2021-04-08,414996,0.0,N,29.3,Y,15.4,Y,15.2,3
2021-04-07,403322,0.0,N,23.0,Y,14.9,Y,12.9,2
2021-04-06,381638,0.0,N,20.2,Y,12.8,Y,10.1,1
2021-04-05,344640,0.0,N,19.0,Y,16.0,Y,13.1,0
2021-04-04,410828,0.0,N,24.5,Y,15.2,Y,16.7,6
2021-04-03,464813,0.0,N,31.6,Y,15.1,Y,16.9,5
2021-04-02,351407,0.0,N,30.6,Y,13.5,Y,17.2,4
2021-04-01,409485,0.0,N,29.9,Y,12.4,Y,17.4,3
2021-03-31,324658,0.0,N,22.8,Y,11.4,Y,16.7,2
2021-03-30,313894,0.0,N,18.9,Y,9.8,Y,17.2,1
2021-03-29,266985,1.0,N,18.2,Y,13.8,Y,15.1,0
2021-03-28,307169,0.0,N,20.2,Y,12.4,Y,15.8,6
2021-03-27,376524,3.4,N,21.3,Y,13.2,Y,9.7,5
2021-03-26,382212,0.2,N,22.0,Y,11.2,Y,13.3,4
2021-03-25,315652,4.6,N,21.1,Y,15.5,Y,9.1,3
2021-03-24,283660,0.6,N,20.3,Y,17.0,Y,10.2,2
2021-03-23,275653,13.8,N,22.0,Y,17.6,Y,8.1,1
2021-03-22,243385,5.6,N,24.2,Y,17.5,Y,9.5,0
2021-03-21,240108,1.2,N,21.7,Y,16.7,Y,5.3,6
2021-03-20,387758,0.0,N,26.0,Y,14.0,Y,14.1,5
2021-03-19,374546,0.0,N,26.1,Y,14.2,Y,18.7,4
2021-03-18,311201,0.0,N,24.9,Y,13.8,Y,16.2,3
2021-03-17,296385,0.0,N,26.4,Y,13.9,Y,19.5,2
2021-03-16,277140,0.0,N,20.6,Y,11.1,Y,19.4,1
2021-03-15,269703,0.0,N,22.2,Y,8.9,Y,17.3,0
2021-03-14,288324,17.2,N,17.7,Y,11.0,Y,18.1,6
2021-03-13,270362,0.0,N,27.2,Y,17.7,Y,3.8,5
2021-03-12,346199,0.0,N,30.3,Y,14.9,Y,15.0,4
2021-03-11,290041,0.0,N,24.7,Y,11.6,Y,14.0,3
2021-03-10,284918,0.2,N,20.1,Y,12.2,Y,20.2,2
2021-03-09,254976,5.4,N,19.6,Y,13.5,Y,14.7,1
2021-03-08,240541,0.2,N,19.6,Y,13.7,Y,5.3,0
2021-03-07,390415,0.0,N,28.5,Y,11.3,Y,17.1,6
2021-03-06,411552,0.0,N,19.4,Y,14.2,Y,22.3,5
2021-03-05,328516,1.4,N,18.0,Y,15.0,Y,13.8,4
2021-03-04,277092,0.0,N,21.4,Y,13.6,Y,9.8,3
2021-03-03,266300,0.0,N,17.7,Y,14.2,Y,12.3,2
2021-03-02,246913,0.0,N,18.1,Y,13.3,Y,13.6,1
2021-03-01,238362,0.0,N,21.7,Y,13.8,Y,15.2,0
2021-02-28,264096,0.0,N,26.7,N,10.6,N,23.3,6
2021-02-27,316622,0.0,N,18.6,N,11.3,N,11.8,5
2021-02-26,296123,0.4,N,19.7,N,13.3,N,15.7,4
2021-02-25,253982,0.0,N,24.3,N,11.3,N,18.9,3
2021-02-24,246545,0.0,N,20.2,N,13.0,N,23.3,2
2021-02-23,231357,0.0,N,19.2,N,13.1,N,22.1,1
2021-02-22,212009,0.0,N,21.8,N,15.9,N,17.1,0
2021-02-21,242014,0.0,N,20.6,N,17.9,N,7.4,6
2021-02-20,299777,0.0,N,23.8,N,20.3,N,13.7,5
2021-02-19,251242,0.0,N,32.6,N,18.2,N,25.4,4
2021-02-18,211499,0.0,N,31.8,N,18.1,N,25.8,3
2021-02-17,81307,0.0,N,28.8,N,16.6,N,25.9,2
2021-02-16,80085,0.0,N,31.3,N,15.9,N,20.7,1
2021-02-15,79501,0.0,N,24.6,N,14.4,N,22.3,0
2021-02-14,76349,0.0,N,20.0,N,12.7,N,20.0,6
2021-02-13,71929,0.0,N,20.8,N,14.7,N,19.9,5
2021-02-12,279556,4.6,N,23.3,N,17.4,N,19.4,4
2021-02-11,242485,0.0,N,32.8,N,17.2,N,16.0,3
2021-02-10,253091,0.0,N,31.5,N,13.8,N,27.0,2
2021-02-09,250571,0.0,N,25.2,N,12.0,N,27.6,1
2021-02-08,221318,0.4,Y,19.2,N,15.0,Y,12.8,0
2021-02-07,239602,1.8,N,19.2,Y,14.7,N,15.7,6
2021-02-06,317734,1.6,N,25.4,N,16.9,N,15.1,5
2021-02-05,241930,0.4,N,29.8,N,17.3,N,12.1,4
2021-02-04,245309,0.0,N,30.6,N,13.5,N,18.6,3
2021-02-03,263763,0.0,N,25.9,N,13.7,N,28.4,2
2021-02-02,235213,0.0,N,19.3,N,14.5,N,19.9,1
2021-02-01,223984,0.0,N,20.3,N,13.4,N,10.5,0
2021-01-31,296213,0.0,N,21.8,N,16.4,N,25.3,6
2021-01-30,349598,43.2,N,21.9,N,16.7,N,19.1,5
2021-01-29,254290,3.6,N,21.6,N,18.9,N,3.8,4
2021-01-28,284213,0.0,N,25.5,N,15.4,N,10.9,3
2021-01-27,303218,0.4,N,25.8,N,14.3,N,28.1,2
2021-01-26,278846,10.6,N,19.3,N,17.7,N,5.5,1
2021-01-25,230713,0.0,N,39.2,N,22.2,N,17.5,0
2021-01-24,249646,0.0,N,37.8,N,16.1,N,24.4,6
2021-01-23,348940,0.0,N,26.7,N,14.7,N,29.8,5
2021-01-22,345932,0.0,N,25.0,N,15.8,N,29.3,4
2021-01-21,295085,0.0,N,31.6,N,12.7,N,30.0,3
2021-01-20,312554,0.0,N,22.6,N,10.3,N,30.5,2
2021-01-19,285983,0.0,N,18.9,N,14.2,N,26.6,1
2021-01-18,264004,0.0,N,22.6,N,14.1,N,25.5,0
2021-01-17,297882,0.0,N,20.2,N,12.9,N,28.9,6
2021-01-16,327661,2.6,Y,20.1,N,11.0,Y,14.5,5
2021-01-15,281387,0.0,N,20.6,Y,13.2,N,15.5,4
2021-01-14,276713,0.0,N,22.2,N,15.0,N,26.4,3
2021-01-13,247031,0.0,N,27.0,N,14.5,N,21.8,2
2021-01-12,252544,0.0,N,21.6,N,18.3,N,24.4,1
2021-01-11,186014,0.0,N,36.7,N,19.2,N,26.3,0
2021-01-10,223058,0.0,N,33.5,N,16.9,N,29.1,6
2021-01-09,287993,0.0,N,27.9,N,14.2,N,31.6,5
2021-01-08,284962,0.0,N,24.3,N,12.7,N,31.7,4
2021-01-07,262296,0.0,N,25.7,N,14.7,N,30.0,3
2021-01-06,243480,1.2,N,19.2,N,13.7,N,16.4,2
2021-01-05,217111,11.2,N,19.1,N,15.9,N,8.0,1
2021-01-04,195985,2.6,N,18.6,N,16.0,N,8.1,0
2021-01-03,218676,12.6,N,26.2,N,17.0,N,19.7,6
2021-01-02,246443,0.0,N,29.0,N,18.4,N,13.9,5
2021-01-01,272759,0.0,N,29.9,N,15.6,N,27.3,4
