total_rain,rain_quality,max_temp,max_temp_quality,min_temp,min_temp_quality,solar_exp,WeekDay,date_year,date_month,date_day,total_people,total_people_predicted
1.0,0,13.2,1,9.3,1,9.3,3,2022,7,28,334858.0,406427.28
0.0,0,19.0,1,3.4,1,9.9,4,2022,7,22,416838.0,414892.53
0.0,0,13.8,1,1.2,1,10.5,3,2022,7,21,358685.0,395475.84
4.0,0,11.4,1,7.2,1,8.3,0,2022,7,18,322024.0,294442.53
0.6,0,15.9,1,3.8,1,8.4,6,2022,7,10,372983.0,375841.12
0.0,0,11.7,1,6.6,1,7.3,2,2022,6,29,440722.0,340088.88
1.2,0,15.8,1,7.6,1,6.0,2,2022,6,22,394408.0,324274.25
0.2,0,15.7,1,8.0,1,8.8,5,2022,6,18,507418.0,442654.06
0.4,0,14.4,1,10.6,1,5.4,3,2022,6,16,349039.0,378374.72
4.0,0,13.0,1,8.9,1,7.6,0,2022,6,13,348091.0,286647.75
0.0,0,13.0,1,9.2,1,5.3,5,2022,6,11,535643.0,414177.44
3.6,0,12.8,1,7.1,1,6.7,2,2022,6,8,356351.0,357827.2
10.8,0,13.0,1,4.7,1,8.3,3,2022,6,2,355834.0,424171.34
0.0,0,15.4,1,10.8,1,8.5,2,2022,5,18,369180.0,378904.62
0.0,0,22.1,1,13.6,1,9.9,0,2022,5,2,337870.0,330837.94
0.0,0,19.3,1,11.7,1,8.8,6,2022,5,1,396405.0,406202.88
31.4,0,17.9,1,11.6,1,9.2,5,2022,4,30,467242.0,478276.2
0.0,0,17.8,1,7.6,1,13.4,5,2022,4,23,563433.0,478276.2
0.2,0,18.2,1,7.7,1,13.1,4,2022,4,22,505425.0,438584.66
0.0,0,17.7,1,13.0,1,8.2,1,2022,4,12,444829.0,343615.16
1.4,0,18.8,1,14.2,1,8.2,0,2022,4,11,414494.0,334997.22
0.0,0,23.4,1,12.3,1,14.3,4,2022,4,8,526164.0,438584.66
0.0,0,19.9,1,11.9,1,12.7,1,2022,4,5,372479.0,353941.84
1.2,0,17.8,1,14.5,1,5.5,6,2022,4,3,400726.0,383675.44
0.0,0,20.4,0,15.9,0,12.2,2,2022,3,30,324164.0,294030.8
0.0,0,24.4,0,16.3,0,10.3,0,2022,3,28,273283.0,292735.8
0.0,0,22.3,0,11.1,0,18.4,5,2022,3,26,425986.0,377025.8
0.0,0,21.7,0,19.1,0,8.9,4,2022,3,18,378303.0,326103.0
0.0,0,21.7,1,18.0,1,17.6,4,2022,2,25,450165.0,367696.53
0.0,0,32.0,1,15.1,1,23.9,2,2022,2,23,350809.0,300083.56
1.6,0,20.3,1,13.7,1,23.0,0,2022,2,21,310014.0,306808.3
0.0,0,24.3,1,17.1,1,21.6,3,2022,2,17,342887.0,322480.72
0.0,0,32.1,1,17.1,1,22.0,6,2022,2,13,335177.0,367552.94
0.0,0,28.3,1,15.7,1,26.5,5,2022,2,12,472866.0,420620.4
0.0,0,21.4,1,15.9,1,22.3,4,2022,2,11,384121.0,367696.53
3.2,0,19.9,1,14.9,1,17.2,2,2022,2,2,279330.0,309053.72
0.0,0,23.6,1,19.8,1,18.2,1,2022,2,1,272041.0,299373.25
0.0,0,26.7,1,15.4,1,30.6,2,2022,1,19,331012.0,313582.97
0.0,0,21.3,1,17.1,1,21.1,1,2022,1,18,309359.0,324178.38
0.0,0,34.6,1,17.6,1,25.8,3,2022,1,13,257684.0,305291.22
0.2,0,31.4,1,15.5,1,29.1,0,2022,1,10,258998.0,276783.9
24.8,0,19.7,1,17.1,1,11.5,5,2022,1,8,312566.0,395934.7
0.0,0,37.1,1,20.5,1,25.3,5,2022,1,1,369862.0,407609.84
0.0,0,37.7,1,16.6,1,31.8,4,2021,12,31,323497.0,403563.25
0.0,0,32.7,1,15.3,1,23.2,0,2021,12,13,318565.0,381518.44
0.6,0,16.0,1,15.0,1,5.4,1,2021,12,7,298883.0,306004.12
0.0,0,28.7,1,10.1,1,28.6,0,2021,11,29,288175.0,287781.1
0.0,0,26.6,1,17.5,1,23.4,2,2021,11,24,286221.0,286373.22
0.0,0,26.1,1,14.7,1,18.2,1,2021,11,23,283486.0,287587.75
0.0,0,17.2,1,11.8,1,25.6,6,2021,11,21,333853.0,375027.4
0.0,0,19.8,1,10.1,1,25.2,2,2021,11,17,286736.0,296900.1
0.0,0,20.3,1,8.0,1,26.2,1,2021,11,9,239465.0,276866.88
0.2,0,17.4,1,12.0,1,22.4,0,2021,11,8,217738.0,265747.97
0.0,0,22.9,1,13.3,1,25.1,4,2021,11,5,283807.0,349625.66
0.0,0,23.2,1,8.7,1,27.6,0,2021,11,1,269136.0,258912.16
0.2,0,28.3,1,15.4,1,20.3,3,2021,10,28,18424.0,47013.992
0.0,0,27.3,1,13.7,1,19.1,4,2021,10,22,29631.0,47013.992
0.0,0,18.8,1,9.9,1,12.3,2,2021,10,13,14650.0,37131.047
0.0,0,20.8,1,7.0,1,22.9,4,2021,10,8,17561.0,37131.047
3.4,0,18.1,1,13.1,1,8.4,3,2021,9,30,48772.0,95142.36
0.0,0,21.5,1,10.0,1,19.0,3,2021,9,23,70591.0,69005.96
0.8,0,16.2,1,12.1,1,9.2,5,2021,9,18,52187.0,67776.02
0.2,0,14.1,1,5.5,1,18.0,1,2021,9,14,66557.0,50826.617
5.6,0,14.3,1,7.1,1,17.9,0,2021,9,13,61267.0,47076.234
0.0,0,16.2,1,10.3,1,11.5,6,2021,9,12,55544.0,46707.254
9.6,0,13.6,1,8.3,1,12.1,6,2021,9,5,49771.0,61973.105
1.2,0,12.9,0,5.5,0,8.1,3,2021,8,26,51520.0,57587.727
0.8,0,14.3,0,10.8,0,12.1,0,2021,8,23,43461.0,45125.637
0.0,0,22.2,0,11.3,0,14.4,6,2021,8,22,50580.0,61829.633
0.6,0,15.5,1,7.6,0,8.7,2,2021,8,18,52962.0,57629.773
0.4,0,13.9,0,9.8,0,10.6,1,2021,8,17,50790.0,40752.61
0.6,0,14.5,0,7.8,0,9.6,2,2021,8,4,114446.0,74894.42
4.8,0,14.5,0,8.7,0,9.5,1,2021,8,3,110561.0,62476.93
18.0,0,15.7,0,8.0,0,10.7,6,2021,8,1,120597.0,72068.37
0.8,0,13.0,0,5.8,0,7.8,6,2021,7,25,142662.0,241930.34
10.8,0,13.6,0,6.5,0,8.0,2,2021,7,21,161338.0,263165.84
0.6,0,11.4,0,9.9,0,3.8,1,2021,7,20,110157.0,214929.16
0.2,0,13.7,0,7.6,0,5.5,5,2021,7,17,114937.0,244012.38
0.2,0,15.2,0,10.9,0,5.4,4,2021,7,16,153873.0,244012.38
0.4,0,14.4,0,8.9,0,8.4,1,2021,7,13,434748.0,241630.0
0.0,0,14.2,0,3.2,0,9.7,5,2021,7,10,626250.0,289686.34
0.2,0,14.5,0,9.7,0,6.5,4,2021,7,2,535812.0,268201.5
5.6,0,13.4,1,10.0,1,6.3,5,2021,6,26,243149.0,203044.55
0.0,0,16.4,1,9.7,1,6.0,0,2021,6,14,136185.0,181188.84
0.0,0,15.9,1,10.9,1,7.5,6,2021,6,13,181070.0,203654.48
3.0,0,13.2,1,9.3,1,5.2,1,2021,6,8,64328.0,191530.73
0.0,0,19.6,1,9.2,1,9.4,2,2021,6,2,73580.0,258229.34
0.0,0,15.7,1,5.7,1,5.2,1,2021,6,1,68436.0,193080.47
0.0,0,19.8,1,9.9,1,8.5,5,2021,5,8,329662.0,278288.3
0.0,0,17.3,1,7.2,1,11.5,2,2021,5,5,253474.0,241287.02
10.4,0,14.9,1,7.1,1,11.7,2,2021,4,21,345711.0,333348.75
0.6,0,20.0,1,7.8,1,9.3,1,2021,4,13,399870.0,320963.2
0.0,0,23.0,1,14.9,1,12.9,2,2021,4,7,403322.0,355245.75
0.0,0,31.6,1,15.1,1,16.9,5,2021,4,3,464813.0,375304.72
0.2,0,22.0,1,11.2,1,13.3,4,2021,3,26,382212.0,325147.94
0.0,0,24.9,1,13.8,1,16.2,3,2021,3,18,311201.0,298595.0
0.0,0,20.6,1,11.1,1,19.4,1,2021,3,16,277140.0,287225.22
0.0,0,27.2,1,17.7,1,3.8,5,2021,3,13,270362.0,343089.53
5.4,0,19.6,1,13.5,1,14.7,1,2021,3,9,254976.0,287225.22
0.0,0,19.4,1,14.2,1,22.3,5,2021,3,6,411552.0,375170.75
0.0,0,20.2,0,13.0,0,23.3,2,2021,2,24,246545.0,258700.47
0.0,0,32.6,0,18.2,0,25.4,4,2021,2,19,251242.0,254452.55
0.0,0,24.6,0,14.4,0,22.3,0,2021,2,15,79501.0,236331.47
0.0,0,20.8,0,14.7,0,19.9,5,2021,2,13,71929.0,288162.78
4.6,0,23.3,0,17.4,0,19.4,4,2021,2,12,279556.0,240783.28
0.4,1,19.2,0,15.0,1,12.8,0,2021,2,8,221318.0,233079.42
0.0,0,25.9,0,13.7,0,28.4,2,2021,2,3,263763.0,247932.3
0.0,0,25.5,0,15.4,0,10.9,3,2021,1,28,284213.0,289297.38
0.4,0,25.8,0,14.3,0,28.1,2,2021,1,27,303218.0,276117.7
10.6,0,19.3,0,17.7,0,5.5,1,2021,1,26,278846.0,241702.81
0.0,0,25.0,0,15.8,0,29.3,4,2021,1,22,345932.0,231557.48
0.0,0,22.6,0,14.1,0,25.5,0,2021,1,18,264004.0,250847.62
0.0,0,20.6,1,13.2,0,15.5,4,2021,1,15,281387.0,290813.8
0.0,0,21.6,0,18.3,0,24.4,1,2021,1,12,252544.0,225231.53
0.0,0,24.3,0,12.7,0,31.7,4,2021,1,8,284962.0,252029.44
0.0,0,25.7,0,14.7,0,30.0,3,2021,1,7,262296.0,269907.2
0.0,0,21.4,1,13.7,1,30.3,2,2020,12,30,471459.0,425581.88
0.0,0,21.3,1,9.0,1,30.7,1,2020,12,29,501452.0,443982.22
6.0,0,19.5,1,13.5,1,24.8,2,2020,12,23,586405.0,437886.7
0.0,0,18.9,1,9.9,1,31.3,6,2020,12,20,547114.0,464246.06
0.0,0,28.1,1,11.9,1,31.8,5,2020,12,12,604229.0,476513.38
6.0,0,17.1,1,10.6,1,13.2,1,2020,12,8,368727.0,364825.7
0.0,0,28.4,1,13.9,1,7.9,5,2020,12,5,475264.0,393320.78
0.0,0,23.7,1,10.6,1,31.2,3,2020,12,3,381997.0,404995.8
0.0,0,22.9,1,16.0,1,7.8,5,2020,11,28,483173.0,331705.9
0.0,0,36.0,1,10.2,1,29.0,4,2020,11,27,458933.0,404473.6
30.2,0,18.8,1,16.6,1,12.6,0,2020,11,23,263998.0,277399.3
0.0,0,20.2,1,15.6,1,29.5,4,2020,11,20,399009.0,370330.7
0.0,0,34.4,1,16.1,1,29.1,3,2020,11,19,301744.0,319104.03
0.0,0,24.3,1,18.2,1,29.7,0,2020,11,16,258607.0,295589.1
4.0,0,25.5,1,19.3,1,20.6,3,2020,11,12,288697.0,281827.94
0.0,0,24.3,1,11.2,1,17.1,3,2020,10,29,251410.0,191556.53
0.0,0,19.7,1,12.9,1,11.0,4,2020,10,23,175743.0,155886.25
0.0,0,15.5,1,8.2,1,17.6,0,2020,10,19,161005.0,121864.84
8.4,0,19.2,1,11.9,1,17.8,5,2020,10,17,126370.0,152733.2
0.0,0,24.8,1,13.8,1,5.1,3,2020,10,15,119819.0,146003.3
0.0,0,22.7,1,11.9,1,21.8,2,2020,10,14,148019.0,150870.9
5.4,0,16.9,1,11.4,1,9.7,3,2020,10,8,122415.0,136645.62
0.0,0,29.5,1,13.5,1,8.4,6,2020,10,4,109456.0,127869.3
0.6,0,19.4,1,10.7,1,13.0,2,2020,9,30,123965.0,138789.02
0.0,0,13.6,1,6.5,1,18.3,0,2020,9,28,138082.0,105864.59
3.0,0,13.4,1,8.8,1,20.9,6,2020,9,27,134832.0,101501.75
1.0,0,15.6,1,8.1,1,14.8,2,2020,9,9,119020.0,108810.17
0.2,0,19.2,1,6.9,1,16.9,6,2020,9,6,121862.0,120678.66
1.4,0,17.6,1,8.5,1,15.1,4,2020,8,28,128038.0,141003.23
0.0,0,20.7,1,8.8,1,13.1,3,2020,8,27,108926.0,145242.12
6.8,0,14.9,1,4.7,1,7.2,5,2020,8,8,81947.0,99569.55
0.0,0,12.7,1,3.3,1,5.8,4,2020,8,7,85919.0,87673.84
1.2,0,10.5,1,5.1,1,10.0,1,2020,8,4,107976.0,100862.86
0.0,0,16.3,0,8.6,0,9.0,2,2020,7,29,151978.0,208023.22
0.0,0,13.5,0,6.1,0,10.5,4,2020,7,24,152664.0,212440.84
6.8,0,14.2,0,9.0,0,8.3,6,2020,7,12,123101.0,192898.81
0.0,0,16.9,0,6.4,0,7.9,4,2020,7,10,178789.0,262446.78
1.4,0,11.8,0,8.9,0,4.8,1,2020,7,7,238293.0,192803.58
7.8,0,14.5,0,6.5,0,5.7,5,2020,7,4,242168.0,246403.1
0.0,0,17.4,1,9.8,0,9.1,2,2020,7,1,285670.0,270551.4
0.2,0,12.5,0,1.7,0,9.3,6,2020,6,28,261884.0,170106.42
0.0,0,16.9,0,4.5,0,9.1,3,2020,6,11,270490.0,262446.78
0.0,0,16.7,0,3.9,0,8.8,2,2020,6,10,266985.0,246981.0
0.2,0,15.3,0,2.0,0,9.3,1,2020,6,9,257748.0,243573.6
11.6,0,15.6,0,8.4,0,4.9,1,2020,6,2,254566.0,211246.02
0.0,0,17.1,0,8.1,0,9.3,5,2020,5,30,271908.0,245406.03
0.0,0,17.1,0,7.2,0,9.6,4,2020,5,29,261452.0,243543.73
0.0,0,13.5,0,9.4,0,5.8,5,2020,5,23,185356.0,193287.38
0.0,0,17.7,0,8.1,0,4.9,1,2020,5,19,201681.0,212782.58
0.0,0,18.5,0,5.1,0,10.6,6,2020,5,17,203309.0,205719.72
7.0,0,14.5,0,7.2,0,9.0,6,2020,5,10,150867.0,192898.81
0.0,0,21.1,0,15.1,0,6.2,3,2020,5,7,171782.0,213263.88
1.8,0,15.0,0,9.8,0,8.3,6,2020,5,3,142264.0,223745.12
8.0,0,13.0,0,7.6,0,5.1,4,2020,5,1,136457.0,221578.08
0.6,0,18.1,0,8.1,0,12.5,0,2020,4,27,152401.0,183134.77
0.0,0,19.6,0,8.5,0,9.8,1,2020,4,21,149135.0,156221.58
3.4,0,20.8,0,12.0,0,8.1,0,2020,4,20,133858.0,152887.0
0.0,0,21.2,0,8.9,0,15.8,3,2020,4,9,156010.0,154896.5
0.4,0,17.1,1,12.7,1,9.9,0,2020,3,23,296788.0,249982.33
0.0,0,18.4,1,14.6,1,10.8,5,2020,3,21,295478.0,472286.62
0.0,0,26.5,1,9.3,1,20.6,0,2020,3,16,677288.0,592149.75
0.0,0,19.5,1,14.7,1,15.9,1,2020,3,3,871127.0,703815.0
0.0,0,22.4,1,14.7,1,22.8,5,2020,2,29,756577.0,562466.25
3.6,0,31.6,1,18.4,1,10.6,1,2020,2,25,758601.0,629025.4
0.0,0,23.7,1,16.8,1,5.4,0,2020,2,24,720378.0,628037.0
0.0,0,34.0,1,13.3,1,21.6,6,2020,2,23,571254.0,574802.06
0.0,0,25.6,1,15.2,1,26.4,0,2020,2,17,795242.0,681052.7
0.0,0,27.7,1,19.1,1,17.3,2,2020,2,12,752262.0,623221.25
0.0,0,25.5,1,13.7,1,25.0,3,2020,2,6,721113.0,724287.5
14.8,0,25.1,1,14.2,1,21.0,6,2020,2,2,532898.0,632852.9
1.2,0,24.1,1,11.7,1,20.6,4,2020,1,24,933571.0,652106.44
22.8,0,22.6,1,12.9,1,13.4,3,2020,1,23,807984.0,661747.3
0.0,0,25.5,1,17.5,1,23.9,6,2020,1,19,589948.0,616711.3
0.0,0,33.8,1,16.7,1,27.4,1,2020,1,14,678855.0,683659.0
0.0,0,32.9,1,20.1,1,10.1,4,2020,1,10,707098.0,701224.44
8.2,0,18.0,1,11.9,1,2.7,0,2020,1,6,636000.0,569463.25
0.0,0,26.8,1,18.6,1,22.8,5,2020,1,4,601336.0,647617.75
0.0,0,24.9,1,11.8,1,31.6,2,2020,1,1,667827.0,698174.06
0.0,0,33.2,1,16.8,1,31.9,6,2019,12,29,614465.0,471677.2
0.0,0,20.5,1,16.5,1,26.2,3,2019,12,26,799803.0,792046.9
0.0,0,40.1,1,15.9,1,29.3,2,2019,12,18,806436.0,719456.06
0.0,0,21.0,1,11.2,1,30.3,5,2019,12,7,800146.0,723339.3
8.0,0,18.4,0,10.3,0,26.7,5,2019,11,30,730625.0,675793.25
0.0,0,21.1,0,11.4,0,30.7,3,2019,11,28,888058.0,792046.9
0.0,0,20.0,0,13.6,0,28.3,4,2019,11,22,951211.0,815277.75
0.0,0,34.7,0,9.4,0,30.1,2,2019,11,20,873534.0,716175.5
0.0,0,18.6,0,11.4,0,27.9,1,2019,11,19,827380.0,747969.3
0.0,0,18.5,0,13.0,0,12.4,4,2019,11,15,952362.0,787604.8
6.8,0,15.0,0,10.3,0,16.1,4,2019,11,8,750423.0,792348.94
10.2,0,19.6,0,7.7,0,27.4,1,2019,11,5,526929.0,755341.5
12.4,0,20.7,0,12.8,0,7.8,6,2019,11,3,510847.0,561891.25
1.4,0,21.6,0,8.7,0,26.3,0,2019,10,28,768211.0,729052.9
0.0,0,21.6,0,16.8,0,10.0,4,2019,10,25,857737.0,797803.25
4.4,0,15.2,0,9.5,0,9.6,3,2019,10,17,737963.0,751643.56
0.0,0,18.9,0,9.5,0,17.5,4,2019,10,11,963548.0,792348.94
0.0,0,20.5,0,4.2,0,21.7,1,2019,10,1,785782.0,740596.06
0.0,0,14.1,1,10.1,1,14.4,0,2019,9,30,666982.0,706124.06
0.2,0,14.9,1,7.2,1,17.7,5,2019,9,28,586107.0,660236.6
2.0,0,15.2,1,8.9,1,13.9,0,2019,9,23,675566.0,706124.06
0.0,0,26.2,1,15.7,1,14.4,4,2019,9,20,952703.0,815277.75
0.0,0,18.6,1,7.7,1,14.0,4,2019,9,13,911822.0,792348.94
0.0,0,18.2,1,5.0,1,15.8,5,2019,8,31,733164.0,709393.6
0.0,0,18.0,1,7.9,1,13.0,5,2019,8,24,941690.0,704649.5
0.0,0,16.2,1,7.3,1,10.5,3,2019,8,15,814273.0,792556.2
2.0,0,10.1,1,7.8,1,7.3,4,2019,8,9,755943.0,775875.4
0.4,0,13.5,1,9.1,1,4.5,1,2019,8,6,763293.0,695214.56
1.0,0,13.1,1,9.2,1,7.2,6,2019,8,4,601540.0,544057.1
0.0,0,13.8,1,5.8,1,8.6,3,2019,8,1,811215.0,736090.5
0.0,0,14.0,1,11.0,1,5.9,4,2019,7,26,857069.0,766984.6
0.0,0,14.8,1,9.2,1,5.2,3,2019,7,25,836084.0,743753.8
0.0,0,15.6,1,7.9,1,10.6,0,2019,7,22,758856.0,729562.2
1.6,0,15.7,1,7.5,1,9.6,4,2019,7,19,929508.0,787563.56
6.4,0,14.3,1,7.8,1,4.6,3,2019,7,11,750336.0,743753.8
5.2,0,16.0,1,11.0,1,8.2,0,2019,7,8,801599.0,658420.4
0.0,0,19.1,1,3.5,1,9.0,4,2019,7,5,963836.0,787563.56
0.0,0,13.5,1,5.3,1,6.9,3,2019,7,4,816158.0,752644.56
0.0,0,14.1,1,9.5,1,8.3,0,2019,7,1,717265.0,666045.9
0.8,0,17.6,1,13.0,1,2.6,5,2019,6,29,580454.0,622481.6
0.0,0,16.0,1,4.2,1,9.0,0,2019,6,24,684255.0,714069.06
1.2,0,9.6,1,3.6,1,5.9,6,2019,6,23,502406.0,528146.0
0.4,0,11.8,1,6.8,1,7.3,5,2019,6,22,643937.0,656493.5
3.0,0,12.6,1,6.5,1,8.5,4,2019,6,21,864689.0,766348.75
2.6,0,15.2,1,9.0,1,6.4,5,2019,6,15,726934.0,647602.75
2.2,0,17.3,1,10.0,1,7.0,4,2019,6,14,885126.0,766984.6
0.0,0,17.9,1,9.6,1,9.2,1,2019,6,11,710022.0,727627.3
3.0,0,19.2,1,12.0,1,7.6,0,2019,6,10,476867.0,658420.4
1.6,0,19.8,1,13.7,1,9.1,5,2019,5,25,627192.0,697620.44
0.0,0,20.2,1,13.8,1,4.4,4,2019,5,24,811648.0,777224.3
0.4,0,19.6,1,12.0,1,3.1,0,2019,5,20,688149.0,668660.06
0.0,0,18.6,1,6.5,1,10.7,4,2019,5,17,859330.0,815787.06
8.2,0,16.4,1,10.2,1,7.7,5,2019,5,11,637736.0,647602.75
7.2,0,14.2,1,10.2,1,2.8,4,2019,5,10,722439.0,766984.6
0.0,0,18.7,1,7.4,1,11.7,1,2019,5,7,780853.0,755850.8
0.0,0,22.8,1,15.6,1,7.8,2,2019,5,1,807381.0,732846.06
0.0,0,18.1,1,11.5,1,8.4,0,2019,4,29,724414.0,676047.2
0.0,0,17.7,1,13.2,1,12.8,3,2019,4,18,929110.0,792556.2
0.0,0,28.5,1,14.4,1,15.3,4,2019,4,5,912741.0,815277.75
0.0,0,21.9,1,13.3,1,13.9,3,2019,4,4,828680.0,792046.9
0.2,0,17.1,1,13.0,1,6.6,0,2019,4,1,734355.0,648419.06
2.2,0,18.5,0,9.4,0,8.0,6,2019,3,31,539987.0,552343.0
1.8,0,15.6,0,9.1,0,11.4,5,2019,3,30,624904.0,683674.75
0.2,0,21.8,0,15.9,0,18.6,0,2019,3,11,669885.0,729052.9
0.0,0,36.3,0,22.3,0,23.4,5,2019,3,2,560584.0,602215.56
0.0,0,23.6,0,18.0,0,16.9,0,2019,2,18,688290.0,698439.6
0.0,0,23.2,0,12.3,0,24.2,3,2019,2,14,799058.0,761433.6
0.0,0,21.5,0,18.4,0,12.4,1,2019,2,12,613368.0,719984.1
0.0,0,26.9,0,17.7,0,14.6,1,2019,2,5,680911.0,724728.25
0.0,0,34.5,1,15.5,1,29.4,0,2019,1,28,372018.0,595883.7
0.0,0,42.8,1,21.1,1,25.3,4,2019,1,25,592507.0,571732.56
0.0,0,23.9,1,18.7,1,27.4,2,2019,1,23,749589.0,674469.8
2.0,0,23.5,1,16.5,1,30.2,5,2019,1,19,682448.0,556493.44
0.0,0,32.5,1,20.7,1,6.0,3,2019,1,17,722373.0,679233.7
0.0,0,30.5,1,14.4,1,31.3,6,2019,1,13,510728.0,557536.44
0.0,0,29.5,1,15.9,1,27.6,3,2019,1,3,622491.0,671547.3
0.6,0,22.7,1,18.2,1,9.9,6,2018,12,30,533038.0,529333.5
0.0,0,23.9,1,15.8,1,32.2,1,2018,12,25,431149.0,699281.6
0.0,0,34.2,1,14.3,1,32.3,0,2018,12,24,622232.0,692502.44
41.2,0,24.8,1,17.2,1,17.5,5,2018,12,15,699746.0,561583.9
16.6,0,22.7,1,16.4,1,13.7,4,2018,12,14,878189.0,755536.4
0.0,0,23.6,1,13.0,1,31.6,1,2018,12,11,873315.0,728073.4
0.0,0,35.5,1,14.5,1,31.3,3,2018,12,6,813333.0,690198.94
0.0,0,27.6,1,22.5,1,5.5,1,2018,11,20,541316.0,700070.1
0.2,0,18.1,1,13.7,1,23.8,3,2018,11,15,836203.0,754338.06
0.0,0,30.2,1,10.9,1,17.5,0,2018,11,12,739032.0,717802.4
3.0,0,17.0,1,7.7,1,22.7,3,2018,11,8,772147.0,754338.06
4.4,0,21.4,1,16.3,1,7.8,1,2018,11,6,396287.0,700070.1
0.0,0,20.9,1,9.2,1,19.7,6,2018,11,4,544073.0,607603.56
0.0,0,31.6,1,16.3,1,13.4,4,2018,11,2,797503.0,793427.75
0.0,0,18.3,0,9.6,0,23.7,4,2018,10,26,931731.0,777568.94
0.0,0,28.2,0,13.5,0,22.7,0,2018,10,8,729426.0,717802.4
0.0,0,18.1,0,14.7,0,10.9,2,2018,10,3,817616.0,742788.56
0.0,0,23.3,0,4.7,0,21.4,0,2018,10,1,831737.0,703056.94
0.0,0,24.2,1,9.2,1,20.8,3,2018,9,27,876320.0,763875.44
3.0,0,14.7,1,8.5,1,16.1,2,2018,9,19,727719.0,747532.7
0.0,0,19.7,1,7.1,1,18.2,3,2018,9,13,782438.0,767853.7
0.0,0,14.7,1,4.9,1,12.3,6,2018,8,26,535564.0,537386.56
9.2,0,11.9,1,6.7,1,9.3,6,2018,8,19,466819.0,490611.28
2.2,0,13.8,1,8.9,1,10.4,5,2018,8,18,590621.0,651762.44
1.0,0,16.0,1,9.6,1,7.2,2,2018,8,8,696378.0,703511.9
0.0,0,13.8,1,9.4,1,8.5,0,2018,8,6,656182.0,653874.1
0.0,0,17.6,1,10.6,1,11.2,6,2018,8,5,581672.0,561546.44
2.0,0,14.6,1,10.8,1,10.0,6,2018,7,29,597929.0,540571.7
0.2,0,14.0,1,6.7,1,7.2,5,2018,7,21,672352.0,618410.75
1.2,0,13.8,1,10.1,1,8.1,0,2018,7,9,697351.0,645568.7
0.4,0,14.7,1,3.5,1,8.8,6,2018,7,1,564374.0,514378.8
0.4,0,14.2,1,9.4,1,4.9,5,2018,6,30,610946.0,618410.75
0.0,0,14.4,1,4.5,1,9.3,0,2018,6,4,633512.0,691896.0
0.0,0,20.5,1,5.2,1,9.9,5,2018,5,26,657791.0,705451.94
0.0,0,16.2,1,11.8,1,1.7,6,2018,5,20,482725.0,516293.12
0.2,0,17.7,1,12.3,1,8.0,4,2018,5,18,785231.0,726742.7
0.0,0,15.0,1,11.7,1,6.9,3,2018,5,17,698204.0,703511.9
2.0,0,14.3,1,9.4,1,7.6,2,2018,5,16,694086.0,703511.9
0.0,0,15.9,1,6.8,1,8.2,0,2018,5,14,661850.0,645568.7
0.0,0,18.4,1,8.0,1,7.5,2,2018,5,9,786650.0,703511.9
0.2,0,17.9,1,13.4,1,10.6,1,2018,5,8,698698.0,718184.6
0.0,0,21.7,1,9.9,1,11.0,6,2018,5,6,575257.0,601509.7
0.0,0,24.4,1,14.5,1,4.4,3,2018,5,3,721865.0,718824.06
0.0,0,17.8,1,11.6,1,8.8,4,2018,4,27,830673.0,760094.44
0.0,0,17.5,1,11.9,1,7.9,3,2018,4,26,756008.0,703511.9
0.6,0,20.1,1,15.7,1,7.7,2,2018,4,25,682903.0,717027.5
0.0,0,26.9,1,11.9,1,13.0,0,2018,4,23,726780.0,713058.25
0.0,0,28.8,1,14.8,1,5.9,1,2018,4,10,810223.0,700070.1
0.0,0,29.9,1,11.8,1,14.7,6,2018,4,8,626398.0,620093.9
0.0,0,21.8,1,16.5,1,14.2,3,2018,3,29,843378.0,763875.44
5.2,0,18.5,1,10.7,1,11.9,0,2018,3,26,733432.0,705411.6
13.0,0,25.4,1,17.8,1,11.6,6,2018,3,25,645608.0,559780.06
0.0,0,23.1,1,22.6,1,13.4,6,2018,3,18,667367.0,571060.75
0.0,0,24.4,1,12.5,1,15.0,4,2018,3,16,911579.0,792881.1
0.0,0,22.8,1,17.0,1,14.3,6,2018,3,11,896185.0,601371.06
0.0,0,21.1,1,14.9,1,16.6,0,2018,3,5,749241.0,717802.4
0.0,0,32.7,1,13.9,1,21.8,5,2018,3,3,711986.0,717444.56
0.4,0,22.8,1,14.5,1,19.6,4,2018,3,2,924182.0,778135.7
0.0,0,31.3,1,14.9,1,24.0,1,2018,2,27,794128.0,738316.2
0.0,0,26.5,1,14.3,1,24.3,0,2018,2,26,792201.0,712027.56
0.2,0,33.5,1,21.2,1,13.4,4,2018,2,23,866079.0,755509.7
0.0,0,31.0,1,20.3,1,16.8,3,2018,2,22,817992.0,769650.25
0.0,0,29.3,1,16.0,1,16.0,2,2018,2,21,799707.0,762844.9
0.0,0,23.3,1,17.5,1,22.8,2,2018,2,14,843357.0,762844.9
0.0,0,25.7,1,17.0,1,24.0,0,2018,2,5,708820.0,717802.4
0.2,0,22.5,1,12.1,1,28.9,3,2018,2,1,740878.0,754904.8
0.0,0,40.3,1,22.5,1,30.6,4,2018,1,19,607040.0,591612.4
0.0,0,41.7,1,18.8,1,31.5,5,2018,1,6,372967.0,388878.1
0.2,0,23.6,1,14.1,1,31.8,3,2018,1,4,560194.0,605880.7
0.0,0,21.0,1,14.6,1,27.2,2,2018,1,3,560471.0,625345.06
8.4,0,21.3,1,15.6,1,13.6,5,2017,12,30,504797.0,530085.7
0.2,0,24.4,1,18.6,1,9.3,4,2017,12,29,472351.0,599384.75
0.0,0,23.1,1,20.5,1,21.7,3,2017,12,14,682386.0,607522.1
0.0,0,26.4,1,15.8,1,31.3,1,2017,12,12,679300.0,604106.4
0.0,0,20.7,1,16.4,1,26.3,0,2017,12,11,656145.0,570645.0
0.0,0,21.9,1,11.6,1,19.8,3,2017,12,7,618429.0,607522.1
1.8,0,22.8,1,10.8,1,22.9,1,2017,12,5,629870.0,593854.25
0.0,0,35.8,1,18.5,1,28.3,2,2017,11,29,585376.0,551530.1
0.2,0,31.0,1,13.7,1,31.1,1,2017,11,28,640447.0,588079.44
0.0,0,28.6,0,11.5,0,27.1,6,2017,10,29,452036.0,513949.03
11.4,0,18.5,0,13.3,0,12.5,2,2017,10,25,562082.0,588132.94
2.4,0,18.7,0,14.0,0,16.7,0,2017,10,9,485290.0,559512.4
0.2,0,23.7,0,7.2,0,17.3,5,2017,10,7,515220.0,548625.3
0.0,0,17.2,0,9.7,0,9.2,6,2017,10,1,397958.0,423653.4
0.0,0,18.5,1,10.4,1,12.8,3,2017,9,28,620799.0,594938.3
0.0,0,24.6,1,9.6,1,11.7,2,2017,9,27,626435.0,564775.7
1.4,0,15.3,1,5.8,1,10.8,3,2017,9,14,504662.0,548021.06
0.2,0,19.9,1,12.2,1,3.5,1,2017,9,12,469848.0,547735.9
3.2,0,13.5,1,8.0,1,13.1,4,2017,9,8,566060.0,590797.1
0.2,0,13.3,1,6.5,1,11.0,1,2017,9,5,437020.0,500199.12
0.6,0,13.8,1,7.7,1,12.3,2,2017,8,30,495385.0,560594.75
0.0,0,18.1,1,8.3,1,9.7,2,2017,8,23,478121.0,541215.7
2.8,0,12.2,1,8.0,1,9.4,4,2017,8,18,561533.0,571418.1
0.8,0,18.1,1,12.1,1,10.9,2,2017,8,16,559789.0,541215.7
2.2,0,15.0,1,7.9,1,7.5,1,2017,8,8,549773.0,509065.16
2.4,0,15.0,0,10.9,0,8.7,2,2017,7,26,522758.0,541215.7
0.0,0,17.2,0,9.8,0,9.0,1,2017,7,25,505963.0,517370.6
0.0,0,14.1,0,8.4,0,5.4,6,2017,7,23,347022.0,424805.3
0.0,0,12.4,0,5.4,0,7.0,5,2017,7,22,423515.0,476812.16
0.0,0,13.3,0,4.8,0,5.5,3,2017,7,13,544938.0,521932.9
4.4,0,12.3,1,7.1,1,8.4,4,2017,6,30,616556.0,571418.1
0.0,0,14.1,1,6.8,1,5.4,2,2017,6,28,509941.0,532910.25
0.0,0,12.1,1,6.0,1,4.4,1,2017,6,27,479331.0,491893.7
0.0,0,15.8,1,6.4,1,9.2,1,2017,6,20,514735.0,517370.6
0.0,0,17.1,1,6.6,1,8.9,4,2017,6,16,651313.0,588589.6
0.0,0,15.9,1,6.0,1,5.1,0,2017,6,12,368928.0,485699.6
0.0,0,15.0,1,3.6,1,7.2,3,2017,6,8,527611.0,532910.25
0.0,0,14.3,1,9.9,1,8.3,5,2017,6,3,490185.0,509094.44
6.8,0,15.3,1,10.2,1,7.6,6,2017,5,28,360728.0,432425.53
0.0,0,17.8,1,11.9,1,8.3,5,2017,5,27,510924.0,509094.44
0.0,0,19.3,1,12.8,1,7.4,1,2017,5,23,531564.0,536603.4
21.6,0,17.7,0,16.2,0,5.8,1,2017,4,25,415333.0,495446.88
0.0,0,24.7,0,15.9,0,9.9,0,2017,4,24,583910.0,540322.4
0.0,0,21.8,0,14.4,0,11.9,6,2017,4,23,489136.0,458866.97
0.0,0,17.9,0,13.0,0,8.9,4,2017,4,14,476735.0,588589.6
0.0,0,22.2,0,10.9,0,13.9,3,2017,4,13,709723.0,601479.0
10.6,0,15.2,0,11.7,0,6.5,6,2017,4,9,418905.0,418807.25
0.0,0,28.1,0,18.6,0,13.8,5,2017,4,8,504301.0,548625.3
0.0,0,21.5,0,8.2,0,16.8,0,2017,4,3,634474.0,578291.6
2.8,0,17.9,1,10.1,1,12.3,4,2017,3,31,675750.0,607968.6
3.4,0,17.9,1,10.2,1,13.0,3,2017,3,30,567779.0,567400.1
4.2,0,24.3,1,11.9,1,17.8,1,2017,3,28,561962.0,588079.44
0.0,0,26.7,1,19.3,1,14.6,6,2017,3,26,420845.0,505350.8
0.0,0,26.4,1,18.0,1,13.9,5,2017,3,11,619354.0,548625.3
0.0,0,32.3,1,15.0,1,21.1,3,2017,3,9,608265.0,607522.1
3.6,0,20.3,0,11.6,0,22.4,0,2017,2,20,542318.0,570645.0
0.0,0,23.6,0,14.9,0,23.2,3,2017,2,16,626918.0,607522.1
0.0,0,27.1,0,18.7,0,21.3,4,2017,2,10,602447.0,642047.56
0.0,0,24.1,0,14.2,0,28.2,3,2017,2,2,557404.0,592776.7
3.0,0,22.1,1,16.5,1,26.8,1,2017,1,31,530324.0,562294.75
0.0,0,27.0,1,15.1,1,29.4,6,2017,1,29,482085.0,468175.8
0.0,0,29.2,1,15.0,1,29.2,5,2017,1,28,533550.0,498623.94
0.6,0,22.6,1,15.3,1,25.1,5,2017,1,21,539631.0,530622.56
0.0,0,21.5,1,15.2,1,22.7,6,2017,1,15,465708.0,460696.4
0.0,0,26.2,1,17.7,1,28.6,1,2017,1,10,503211.0,551516.8
0.0,0,24.4,1,18.5,1,14.3,0,2017,1,9,497620.0,522108.16
0.0,0,35.2,1,18.3,1,30.1,4,2017,1,6,483279.0,562338.75
0.0,0,21.1,1,16.8,1,8.5,6,2017,1,1,493961.0,371390.53
0.0,0,23.8,1,17.3,1,30.8,5,2016,12,31,631177.0,554023.1
20.4,0,27.8,1,20.1,1,28.8,4,2016,12,30,528381.0,669422.75
1.6,0,29.8,1,18.0,1,5.8,1,2016,12,27,458438.0,589486.0
0.2,0,19.9,1,13.5,1,28.8,2,2016,12,21,715474.0,626610.06
0.0,0,17.5,1,10.0,1,30.3,6,2016,12,18,503354.0,475474.84
1.0,0,19.3,1,12.9,1,27.0,6,2016,12,11,539674.0,496915.88
0.2,0,18.8,1,11.2,1,24.2,5,2016,12,10,637359.0,565314.25
0.0,0,21.9,1,12.9,1,28.0,3,2016,12,1,644990.0,638691.5
0.0,0,18.9,1,13.3,1,9.6,2,2016,11,30,615546.0,615822.8
5.4,0,16.8,1,11.0,1,16.9,2,2016,11,23,591229.0,605169.06
0.0,0,35.0,1,17.9,1,19.8,0,2016,11,21,525499.0,604333.06
0.0,0,31.4,1,12.0,1,28.8,3,2016,11,17,694861.0,653436.94
8.6,0,15.9,1,11.5,1,14.8,0,2016,11,14,540077.0,551915.3
0.0,0,17.4,1,9.2,1,22.0,2,2016,11,9,575896.0,605169.06
0.0,0,21.4,1,11.5,1,25.2,6,2016,11,6,435504.0,504164.38
0.2,0,15.4,1,10.1,1,25.8,3,2016,10,27,602451.0,630199.4
0.0,0,18.5,1,16.5,1,9.0,2,2016,10,26,555583.0,615822.8
0.0,0,17.6,1,14.8,1,1.9,4,2016,10,21,578513.0,625912.2
4.2,0,14.6,1,6.8,1,22.8,3,2016,10,13,609673.0,630199.4
1.4,0,15.1,1,7.5,1,16.7,1,2016,10,11,563508.0,581323.94
0.0,0,22.0,1,9.5,1,14.1,6,2016,10,9,375015.0,495566.16
0.0,0,22.5,1,14.1,1,7.8,4,2016,10,7,651168.0,673681.6
0.6,0,16.9,0,8.1,0,13.6,0,2016,9,26,618086.0,569691.3
0.0,0,20.1,0,10.0,0,18.4,5,2016,9,24,606510.0,565314.25
1.2,0,15.2,0,10.9,0,8.8,2,2016,9,21,642697.0,612157.75
9.0,0,14.6,0,9.6,1,2.8,1,2016,9,13,578052.0,585581.4
0.0,0,18.4,0,12.8,0,11.7,0,2016,9,5,604069.0,564947.2
0.2,0,15.7,0,10.0,0,12.9,5,2016,9,3,596806.0,556905.06
0.4,0,15.0,0,9.6,0,9.6,4,2016,9,2,729386.0,667755.25
0.0,0,19.0,1,10.5,1,12.2,6,2016,8,28,511846.0,486719.16
0.4,0,15.6,1,12.5,1,9.6,2,2016,8,17,633978.0,612157.75
0.0,0,14.1,1,7.7,1,11.7,4,2016,8,12,744288.0,677756.56
8.2,0,15.7,1,6.8,1,10.3,3,2016,8,11,680097.0,637188.0
0.8,0,11.4,1,4.7,1,10.3,6,2016,7,24,570428.0,470047.0
7.8,0,18.3,1,9.2,1,5.1,4,2016,7,22,724688.0,668219.94
0.0,0,14.1,1,8.8,1,7.2,4,2016,7,15,782463.0,668219.94
0.8,0,15.3,1,9.7,1,7.4,4,2016,7,8,821362.0,668219.94
3.8,0,13.7,1,10.5,1,4.1,3,2016,7,7,673292.0,627060.6
22.6,0,13.0,1,9.8,1,4.6,2,2016,7,6,637290.0,608835.75
0.2,0,16.5,1,9.9,1,6.7,5,2016,7,2,604382.0,563297.4
0.2,0,10.6,0,4.8,0,4.7,0,2016,6,27,569627.0,540483.3
3.6,0,13.2,0,9.1,0,3.4,0,2016,6,20,522161.0,549565.4
3.0,0,13.5,0,9.0,0,6.5,5,2016,6,11,567751.0,560648.1
1.4,0,14.5,1,8.9,0,7.1,0,2016,6,6,621927.0,562215.94
0.0,0,17.4,1,3.6,1,9.5,1,2016,5,31,625796.0,588312.6
2.2,0,17.2,1,12.8,1,7.1,0,2016,5,23,610915.0,562215.94
0.0,0,22.2,1,9.2,1,8.5,6,2016,5,22,497757.0,504620.16
0.0,0,19.3,1,13.0,1,7.2,2,2016,5,18,693595.0,613091.56
0.2,0,17.1,1,11.4,1,5.4,1,2016,5,17,660928.0,585581.4
12.0,0,17.2,1,13.7,1,7.6,1,2016,5,10,640637.0,585581.4
0.0,0,25.7,1,11.4,1,12.6,5,2016,5,7,666444.0,593748.9
0.4,0,18.4,1,9.0,1,12.3,0,2016,5,2,638174.0,554945.9
0.0,0,20.0,1,9.1,1,14.8,6,2016,4,24,618517.0,514247.9
0.0,0,25.0,1,9.8,1,15.0,0,2016,4,18,636650.0,592135.56
0.0,0,19.8,1,13.1,1,14.7,6,2016,4,17,533006.0,514247.9
0.2,0,20.0,1,11.3,1,12.6,2,2016,4,13,692993.0,615822.8
0.2,0,18.7,1,14.0,1,13.5,1,2016,4,12,679558.0,596721.8
0.0,0,20.1,1,14.5,1,14.1,0,2016,4,11,633710.0,584488.94
0.0,0,22.3,1,10.4,1,13.0,5,2016,4,9,647847.0,593748.9
0.0,0,18.7,1,15.5,1,8.5,2,2016,3,30,682583.0,615822.8
0.0,0,24.3,1,11.4,1,21.1,1,2016,3,22,693965.0,621544.1
0.0,0,23.5,1,11.2,1,19.7,0,2016,3,21,711480.0,605981.56
0.2,0,22.3,1,18.7,1,7.0,5,2016,3,12,729206.0,584212.25
3.2,0,24.9,1,18.6,1,7.9,0,2016,3,7,671379.0,584660.2
0.0,0,29.5,1,15.6,1,8.4,0,2016,2,22,632712.0,587391.44
0.0,0,20.8,1,15.8,1,23.8,5,2016,2,20,884271.0,591244.5
0.0,0,26.1,1,14.0,1,25.4,0,2016,2,15,658105.0,605981.56
0.0,0,23.8,1,18.0,1,27.6,3,2016,2,11,697604.0,653436.94
0.0,0,23.6,1,12.5,1,29.4,0,2016,2,1,624394.0,601488.25
5.2,0,22.2,1,16.2,1,23.4,6,2016,1,24,558893.0,525645.8
7.0,0,21.9,1,17.3,1,23.2,5,2016,1,23,611845.0,564284.0
0.2,0,42.2,1,16.8,1,25.0,2,2016,1,13,525846.0,544285.25
0.8,0,24.8,1,17.1,1,29.1,1,2016,1,12,626747.0,567988.8
0.0,0,20.6,1,16.2,1,25.4,4,2016,1,8,628969.0,634407.06
0.0,0,24.2,1,19.8,1,22.0,4,2016,1,1,504326.0,603972.2
6.0,0,20.2,1,15.0,1,25.4,0,2015,12,21,701828.0,563576.56
0.0,0,26.0,1,13.1,1,32.0,3,2015,12,10,738220.0,632870.44
0.8,0,35.4,1,20.3,1,19.8,1,2015,12,8,658562.0,518832.47
0.0,0,27.3,1,18.1,1,8.7,0,2015,12,7,638867.0,551176.56
0.0,0,17.5,1,9.2,1,32.4,2,2015,12,2,648178.0,601252.56
0.0,0,32.2,1,10.0,1,26.6,0,2015,11,30,614523.0,576542.5
0.0,0,17.4,1,10.8,1,23.3,3,2015,11,26,627823.0,608057.94
0.4,0,19.1,1,15.4,1,6.4,4,2015,11,20,691448.0,656138.2
0.2,0,26.3,1,11.4,1,29.4,0,2015,11,16,650755.0,581475.3
0.4,0,18.2,1,13.5,1,26.1,4,2015,11,13,766088.0,652911.06
0.0,0,24.8,1,8.5,1,25.1,6,2015,11,8,463810.0,544697.0
17.6,0,18.7,1,16.6,1,3.7,4,2015,11,6,618563.0,612518.25
0.2,0,23.3,1,10.4,1,28.1,1,2015,10,27,564087.0,563194.5
7.0,0,16.7,1,11.4,1,8.5,3,2015,10,22,554792.0,551531.75
2.4,0,18.3,1,17.6,1,7.3,2,2015,10,21,522779.0,568320.4
0.0,0,31.8,1,12.9,1,14.4,1,2015,10,20,551158.0,574020.25
0.0,0,26.7,1,8.3,1,25.8,0,2015,10,19,560886.0,564500.75
0.4,0,17.6,1,7.9,1,24.3,1,2015,10,13,560961.0,537426.3
0.4,0,19.2,1,16.9,1,19.6,6,2015,10,11,428364.0,485893.5
0.0,0,29.2,1,17.5,1,11.9,5,2015,10,10,513612.0,548946.75
0.0,0,21.4,1,8.3,1,13.6,0,2015,9,28,615087.0,544879.9
0.0,0,20.2,1,9.8,1,19.6,6,2015,9,27,514270.0,503974.03
0.0,0,17.9,1,6.6,1,20.1,5,2015,9,26,594779.0,547015.06
0.0,0,25.5,1,13.2,1,17.1,6,2015,9,13,534928.0,517724.94
0.0,0,14.0,1,10.2,1,14.8,5,2015,9,5,544846.0,547015.06
0.0,0,18.8,1,8.0,1,10.5,2,2015,9,2,543503.0,594909.5
1.8,0,11.7,1,6.3,1,9.1,5,2015,8,29,500014.0,545482.0
17.4,0,13.2,1,8.1,1,12.2,4,2015,8,28,720700.0,587012.0
0.0,0,12.7,1,5.5,1,10.2,2,2015,8,19,554800.0,576896.9
0.6,0,11.1,1,6.1,1,9.8,1,2015,8,18,499064.0,537228.56
2.4,0,12.2,1,6.8,1,9.9,0,2015,8,17,481263.0,513863.06
0.8,0,14.8,1,7.8,1,11.7,1,2015,8,11,563745.0,537228.56
6.4,0,10.8,1,7.3,1,9.4,0,2015,8,3,526305.0,487674.66
0.6,0,14.0,1,4.1,1,10.8,4,2015,7,31,722927.0,624270.8
0.0,0,17.0,1,4.2,1,8.6,1,2015,7,21,589152.0,537228.56
1.6,0,12.3,1,3.4,1,2.9,6,2015,7,12,280328.0,446792.5
0.0,0,14.3,1,7.6,1,5.8,4,2015,7,10,693755.0,614734.2
0.0,0,10.6,1,7.3,1,2.8,5,2015,7,4,473859.0,526863.3
2.6,0,12.0,1,5.9,1,5.0,4,2015,7,3,711021.0,614734.2
0.0,0,12.3,1,6.9,1,5.6,0,2015,6,29,580211.0,511131.8
0.0,0,14.1,1,8.0,1,5.0,5,2015,6,27,555121.0,535945.4
0.0,0,16.9,1,10.5,1,7.1,4,2015,6,26,679438.0,614734.2
0.0,0,13.4,1,7.5,1,7.1,2,2015,6,10,548330.0,574165.6
0.0,0,16.8,1,12.3,1,4.9,6,2015,5,31,352733.0,446792.5
0.0,0,15.8,1,9.5,1,6.6,4,2015,5,29,658224.0,614734.2
0.0,0,15.6,1,6.0,1,8.6,6,2015,5,24,417544.0,450067.7
1.8,0,14.5,1,11.5,1,6.2,4,2015,5,15,664724.0,614734.2
2.6,0,15.9,1,12.4,1,7.9,0,2015,5,11,506087.0,511131.8
2.2,0,15.6,1,10.3,1,6.9,3,2015,5,7,560168.0,574165.6
0.6,0,18.1,1,9.2,1,7.1,1,2015,5,5,507001.0,534497.3
0.0,0,22.3,1,7.5,1,11.6,0,2015,5,4,544357.0,545405.94
3.6,0,21.9,1,13.5,1,9.9,5,2015,4,18,550597.0,554560.7
1.6,0,24.7,1,10.5,1,8.4,1,2015,4,14,576670.0,568771.5
0.0,0,19.1,1,7.3,1,14.9,0,2015,4,13,562429.0,526626.8
0.0,0,17.3,1,12.4,1,3.9,1,2015,4,7,510773.0,534497.3
0.2,0,17.2,1,12.8,1,17.5,3,2015,4,2,671655.0,589745.4
0.0,0,25.3,1,11.2,1,18.1,1,2015,3,31,643688.0,569039.75
0.4,0,20.4,1,13.0,1,13.8,2,2015,3,25,617603.0,589660.7
0.0,0,27.0,1,13.6,1,3.9,0,2015,3,23,536607.0,542674.7
0.0,0,19.6,1,14.2,1,19.9,4,2015,3,20,692461.0,637034.6
0.0,0,23.2,1,16.0,1,18.5,3,2015,2,26,579311.0,572384.9
0.0,0,27.0,1,14.0,1,24.1,2,2015,2,25,585320.0,565579.5
0.0,0,20.6,1,17.6,1,8.3,1,2015,2,17,506038.0,502639.7
19.6,0,25.1,1,19.0,1,20.8,5,2015,2,14,527609.0,452350.34
0.0,0,26.8,1,18.1,1,24.1,2,2015,2,11,472027.0,550030.94
0.0,0,28.3,1,13.6,1,28.6,0,2015,2,9,471496.0,511782.6
0.0,0,35.8,1,18.7,1,23.1,3,2015,1,22,407796.0,416446.72
0.0,0,30.4,1,13.0,1,19.6,1,2015,1,20,416157.0,423575.7
0.0,0,31.3,1,16.1,1,31.6,0,2015,1,12,377117.0,377510.6
0.0,0,27.5,1,15.6,1,29.9,6,2015,1,11,283638.0,354306.78
19.4,0,28.2,1,23.1,1,13.5,3,2015,1,8,366479.0,390643.12
0.0,0,37.4,1,18.9,1,20.7,2,2015,1,7,333413.0,343227.56
0.0,0,26.0,1,17.7,1,31.6,1,2015,1,6,374931.0,393073.22
0.4,0,25.3,0,12.6,0,32.0,2,2014,12,31,469990.0,384701.84
0.0,0,33.1,0,13.1,0,31.8,6,2014,12,21,346673.0,345357.5
1.6,0,19.3,0,11.4,0,28.9,4,2014,12,19,527121.0,497878.94
0.0,0,24.8,0,11.6,0,17.0,3,2014,12,18,464399.0,437901.84
0.0,0,32.3,0,16.0,0,23.9,1,2014,12,16,448226.0,441730.3
0.0,0,22.9,0,15.3,0,26.5,0,2014,12,15,439368.0,441730.3
2.2,0,20.1,0,14.1,0,29.7,0,2014,12,8,450808.0,422989.62
0.0,0,18.3,1,13.1,1,29.1,3,2014,11,27,466034.0,429926.12
12.6,0,20.9,1,11.5,1,23.0,1,2014,11,25,446543.0,416810.5
36.6,0,17.6,1,10.6,1,14.7,6,2014,11,16,318734.0,334603.75
0.0,0,22.8,1,7.9,1,29.9,2,2014,11,12,453659.0,448153.94
0.0,0,22.5,1,11.0,1,28.0,3,2014,11,6,467976.0,437901.84
0.0,0,28.8,1,12.5,1,18.4,1,2014,11,4,265924.0,441730.3
0.0,0,24.7,1,13.8,1,18.6,6,2014,10,26,360197.0,337402.84
0.0,0,30.3,1,14.6,1,23.3,4,2014,10,24,521042.0,504366.62
6.0,0,15.6,1,8.6,1,20.5,1,2014,10,14,425495.0,417059.94
0.0,0,17.1,1,9.6,1,9.1,3,2014,10,2,484852.0,435641.53
0.0,0,23.3,1,5.4,1,20.2,0,2014,9,22,450181.0,435800.62
0.0,0,16.4,1,10.4,1,18.5,6,2014,9,21,345579.0,328116.75
0.0,0,20.8,1,6.7,1,16.9,6,2014,9,7,323349.0,337691.28
0.0,0,18.1,1,6.0,1,14.8,5,2014,9,6,409477.0,377622.53
0.0,0,21.8,1,9.5,1,14.6,6,2014,8,31,228227.0,308457.4
0.0,0,18.8,1,7.4,1,12.8,3,2014,8,28,314786.0,334756.94
0.0,0,13.5,1,10.2,1,5.5,0,2014,8,18,246014.0,302932.47
0.0,0,15.0,1,6.7,1,7.7,6,2014,8,17,234125.0,271254.4
0.0,0,16.9,1,3.6,1,12.8,4,2014,8,15,385649.0,370163.28
1.4,0,12.2,1,9.7,1,11.2,6,2014,8,10,205568.0,271159.84
0.0,0,16.8,1,11.6,1,5.3,1,2014,7,29,304662.0,337926.56
0.0,0,15.0,1,4.2,1,5.4,3,2014,7,24,352929.0,351540.25
0.0,0,14.1,1,4.1,1,9.1,2,2014,7,23,357011.0,351540.25
0.2,0,12.3,1,8.7,1,8.0,3,2014,7,17,321903.0,341871.12
2.4,0,13.6,1,5.1,1,8.1,6,2014,7,13,261635.0,280828.94
5.0,0,14.7,1,7.8,1,7.1,3,2014,7,10,364204.0,351540.25
0.0,0,12.8,1,8.3,1,6.5,4,2014,7,4,413498.0,386946.6
0.4,0,13.3,1,8.9,1,4.2,1,2014,7,1,350867.0,336014.34
0.6,0,16.2,1,11.5,1,4.9,3,2014,6,26,367709.0,360035.88
4.4,0,14.3,1,7.2,1,3.7,1,2014,6,24,311708.0,329430.94
2.0,0,14.9,1,10.1,1,5.8,1,2014,6,17,347181.0,336014.34
0.0,0,17.1,1,6.3,1,7.6,2,2014,6,11,354243.0,360035.88
3.4,0,16.3,1,12.1,1,4.2,1,2014,6,3,329971.0,344509.97
3.2,0,16.4,1,11.0,1,4.8,0,2014,6,2,365145.0,336707.03
0.0,0,17.5,1,6.1,1,9.1,4,2014,5,30,559890.0,423172.28
0.0,0,20.5,1,14.8,1,3.3,1,2014,5,27,419507.0,365656.62
0.6,0,20.9,1,12.8,1,8.3,6,2014,5,25,346817.0,323672.72
0.0,0,23.5,1,17.3,1,7.7,0,2014,5,19,425480.0,361067.9
0.0,0,20.3,1,16.5,1,4.3,5,2014,5,17,441449.0,379769.22
1.8,0,19.6,1,9.6,1,9.7,6,2014,5,11,348170.0,333247.25
1.8,0,15.3,1,8.5,1,9.0,2,2014,5,7,413809.0,387765.94
0.0,0,14.4,1,9.6,1,5.0,4,2014,5,2,483907.0,401403.78
0.2,0,17.0,1,13.3,1,12.9,3,2014,4,24,346567.0,350308.06
4.8,0,18.4,1,10.9,1,11.8,2,2014,4,23,322094.0,350308.06
0.0,0,23.5,1,10.9,1,14.4,3,2014,4,17,418363.0,373251.47
0.6,0,24.3,1,14.3,1,16.3,6,2014,3,30,274192.0,327688.9
0.0,0,26.9,1,13.9,1,12.8,2,2014,3,26,373030.0,373344.56
0.4,0,24.4,1,11.5,1,16.4,1,2014,3,25,368428.0,350504.22
0.0,0,17.7,1,14.0,1,8.1,6,2014,3,23,278406.0,286214.84
0.0,0,29.5,1,16.6,1,10.6,5,2014,3,15,332933.0,370706.66
0.0,0,32.6,1,16.4,1,22.3,6,2014,3,9,391983.0,307401.78
0.0,0,20.6,1,14.9,1,16.6,2,2014,2,26,426282.0,410431.3
0.0,0,24.6,1,17.2,1,11.2,2,2014,2,19,429935.0,412941.03
0.0,0,28.2,1,20.3,1,14.7,5,2014,2,15,373019.0,404528.28
0.0,0,25.5,1,18.9,1,10.2,4,2014,2,14,514907.0,448347.38
0.0,0,25.5,1,19.0,1,8.4,3,2014,2,13,415382.0,412941.03
