total_rain,rain_quality,max_temp,max_temp_quality,min_temp,min_temp_quality,solar_exp,WeekDay,population_annual,population_change_annual,is_holiday,is_lockdown,OfflineRetail_Original_Turnover,OfflineRetail_Seasonally_Adjusted_Turnover,OfflineRetail_Trend_Turnover,date_year,date_month,date_day,total_people,total_people_predicted
4.4,0,13.2,1,8.8,1,6.4,1,5151000,1.78,0.0,0.0,8562.7,8947.3,8947.3,2022,7,26,316316.0,332140.03
0.0,0,16.8,1,8.1,1,5.1,0,5151000,1.78,0.0,0.0,8562.7,8947.3,8947.3,2022,7,25,274106.0,313342.34
1.2,0,14.5,1,8.1,1,5.1,5,5151000,1.78,0.0,0.0,8562.7,8947.3,8947.3,2022,7,23,371336.0,449236.25
0.0,0,13.8,1,1.2,1,10.5,3,5151000,1.78,0.0,0.0,8562.7,8947.3,8947.3,2022,7,21,358685.0,343071.47
0.2,0,11.2,1,0.8,1,10.4,2,5151000,1.78,0.0,0.0,8562.7,8947.3,8947.3,2022,7,20,386373.0,352816.7
0.0,0,13.8,1,8.1,1,6.4,5,5151000,1.78,0.0,0.0,8562.7,8947.3,8947.3,2022,7,16,471033.0,468695.3
1.2,0,11.0,1,8.0,1,5.1,1,5151000,1.78,0.0,0.0,8562.7,8947.3,8947.3,2022,7,12,284010.0,306025.72
0.0,0,12.5,1,7.0,1,6.8,5,5151000,1.78,0.0,0.0,8562.7,8947.3,8947.3,2022,7,2,501883.0,450494.9
0.2,0,16.2,1,5.1,1,8.9,6,5151000,1.78,0.0,0.0,8473.5,8790.2,8790.2,2022,6,19,394259.0,382389.47
3.6,0,13.8,1,10.5,1,7.6,4,5151000,1.78,0.0,0.0,8473.5,8790.2,8790.2,2022,6,17,449618.0,420396.94
0.0,0,13.8,1,9.4,1,5.8,2,5151000,1.78,0.0,0.0,8473.5,8790.2,8790.2,2022,6,15,341787.0,360235.56
0.2,0,13.3,1,9.8,1,6.9,6,5151000,1.78,0.0,0.0,8473.5,8790.2,8790.2,2022,6,12,481918.0,375360.3
6.4,0,11.9,1,7.2,1,7.2,1,5151000,1.78,0.0,0.0,8473.5,8790.2,8790.2,2022,6,7,297106.0,357052.4
2.0,0,13.3,1,8.2,1,6.7,0,5151000,1.78,0.0,0.0,8473.5,8790.2,8790.2,2022,6,6,289301.0,326046.7
0.0,0,14.9,1,8.9,1,7.4,5,5151000,1.78,0.0,0.0,8473.5,8790.2,8790.2,2022,6,4,502668.0,483387.03
10.2,0,11.4,1,7.6,1,5.1,1,5151000,1.78,0.0,0.0,8561.4,8791.9,8791.9,2022,5,31,292125.0,337610.8
0.0,0,11.7,1,6.1,1,3.6,0,5151000,1.78,0.0,0.0,8561.4,8791.9,8791.9,2022,5,30,246741.0,356181.88
3.4,0,16.6,1,11.8,1,6.8,4,5151000,1.78,0.0,0.0,8561.4,8791.9,8791.9,2022,5,27,433927.0,412906.0
0.0,0,17.5,1,8.7,1,5.8,2,5151000,1.78,0.0,0.0,8561.4,8791.9,8791.9,2022,5,11,358866.0,372080.88
0.6,0,16.6,1,7.9,1,10.4,0,5151000,1.78,0.0,0.0,8561.4,8791.9,8791.9,2022,5,9,316045.0,348372.66
1.6,0,15.3,1,9.1,1,4.9,5,5151000,1.78,0.0,0.0,8561.4,8791.9,8791.9,2022,5,7,465876.0,462664.7
0.0,0,15.2,1,5.3,1,8.9,4,5151000,1.78,0.0,0.0,8561.4,8791.9,8791.9,2022,5,6,401208.0,445389.2
0.0,0,20.7,1,11.9,1,11.8,1,5151000,1.78,0.0,0.0,8561.4,8791.9,8791.9,2022,5,3,365384.0,356836.8
31.4,0,17.9,1,11.6,1,9.2,5,5151000,1.78,0.0,0.0,8407.6,8690.1,8690.1,2022,4,30,467242.0,501164.8
0.0,0,20.8,1,17.7,1,4.9,4,5151000,1.78,0.0,0.0,8407.6,8690.1,8690.1,2022,4,29,356465.0,414432.6
0.0,0,22.0,1,13.8,1,8.1,2,5151000,1.78,0.0,0.0,8407.6,8690.1,8690.1,2022,4,27,331293.0,364169.9
0.2,0,18.2,1,7.7,1,13.1,4,5151000,1.78,0.0,0.0,8407.6,8690.1,8690.1,2022,4,22,505425.0,485148.78
0.6,0,17.1,1,12.7,1,8.6,3,5151000,1.78,0.0,0.0,8407.6,8690.1,8690.1,2022,4,21,445103.0,420025.6
9.0,0,19.9,1,9.0,1,8.3,2,5151000,1.78,0.0,0.0,8407.6,8690.1,8690.1,2022,4,20,426978.0,406322.56
13.2,0,15.8,1,15.0,1,2.2,1,5151000,1.78,0.0,0.0,8407.6,8690.1,8690.1,2022,4,19,330994.0,351976.66
0.0,0,28.0,1,15.7,1,13.4,6,5151000,1.78,1.0,0.0,8407.6,8690.1,8690.1,2022,4,17,443602.0,453369.8
0.0,0,26.7,1,16.7,1,15.3,6,5151000,1.78,0.0,0.0,8407.6,8690.1,8690.1,2022,4,10,499763.0,441112.72
0.4,0,18.2,1,13.4,1,4.9,5,5151000,1.78,0.0,0.0,8407.6,8690.1,8690.1,2022,4,2,481195.0,483349.9
0.0,0,28.3,0,17.7,0,19.0,0,5151000,1.78,0.0,0.0,8496.0,8594.1,8594.1,2022,3,21,278767.0,289347.28
0.0,0,30.3,0,13.5,0,19.5,5,5151000,1.78,0.0,0.0,8496.0,8594.1,8594.1,2022,3,19,420557.0,474234.8
0.4,0,28.0,0,16.4,0,19.0,0,5151000,1.78,1.0,0.0,8496.0,8594.1,8594.1,2022,3,14,357154.0,297805.62
0.0,0,20.3,0,12.0,0,18.2,4,5151000,1.78,0.0,0.0,8496.0,8594.1,8594.1,2022,3,11,378195.0,405342.62
0.0,0,32.5,0,18.3,0,16.3,4,5151000,1.78,0.0,0.0,8496.0,8594.1,8594.1,2022,3,4,337901.0,349857.38
0.0,0,30.5,0,17.5,0,23.4,3,5151000,1.78,0.0,0.0,8496.0,8594.1,8594.1,2022,3,3,311522.0,323261.7
0.0,0,21.7,1,18.0,1,17.6,4,5151000,1.78,0.0,0.0,7566.0,8547.0,8547.0,2022,2,25,450165.0,422428.88
0.0,0,28.3,1,15.7,1,26.5,5,5151000,1.78,0.0,0.0,7566.0,8547.0,8547.0,2022,2,12,472866.0,479498.12
0.0,0,28.6,1,14.7,1,28.0,0,5151000,1.78,0.0,0.0,7566.0,8547.0,8547.0,2022,2,7,275835.0,306123.47
0.0,0,27.9,1,14.1,1,26.9,6,5151000,1.78,0.0,0.0,7566.0,8547.0,8547.0,2022,2,6,358587.0,349103.75
3.2,0,19.9,1,14.9,1,17.2,2,5151000,1.78,0.0,0.0,7566.0,8547.0,8547.0,2022,2,2,279330.0,293918.38
38.6,0,21.8,1,17.5,1,12.3,5,5151000,1.78,0.0,0.0,8227.2,8408.0,8408.0,2022,1,29,455520.0,338051.6
0.0,0,29.6,1,17.1,1,30.4,4,5151000,1.78,0.0,0.0,8227.2,8408.0,8408.0,2022,1,21,394106.0,382732.44
0.0,0,30.4,1,12.9,1,30.6,3,5151000,1.78,0.0,0.0,8227.2,8408.0,8408.0,2022,1,20,337860.0,351093.97
0.0,0,26.7,1,15.4,1,30.6,2,5151000,1.78,0.0,0.0,8227.2,8408.0,8408.0,2022,1,19,331012.0,353362.0
0.0,0,31.9,1,18.3,1,30.4,6,5151000,1.78,0.0,0.0,8227.2,8408.0,8408.0,2022,1,16,317230.0,358062.34
0.0,0,32.8,1,20.8,1,18.4,4,5151000,1.78,0.0,0.0,8227.2,8408.0,8408.0,2022,1,14,299387.0,356936.1
0.0,0,30.2,1,18.3,1,21.3,3,5151000,1.78,0.0,0.0,8227.2,8408.0,8408.0,2022,1,6,297833.0,293467.1
0.0,0,22.6,1,11.4,1,30.5,1,5061000,1.87,1.0,0.0,10706.7,8247.2,8247.2,2021,12,28,397342.0,368209.1
0.0,0,18.8,1,15.1,1,15.9,6,5061000,1.87,1.0,0.0,10706.7,8247.2,8247.2,2021,12,26,398546.0,348584.06
0.6,0,16.0,1,15.0,1,5.4,1,5061000,1.87,0.0,0.0,10706.7,8247.2,8247.2,2021,12,7,298883.0,303147.7
0.0,0,18.8,1,12.5,1,22.0,5,5061000,1.87,0.0,0.0,10706.7,8247.2,8247.2,2021,12,4,460112.0,418453.16
8.8,0,20.4,1,13.0,1,30.1,4,5061000,1.87,0.0,0.0,10706.7,8247.2,8247.2,2021,12,3,404104.0,379731.94
0.6,0,20.6,1,13.0,1,21.2,4,5061000,1.87,0.0,0.0,9461.4,8940.8,8940.8,2021,11,26,394878.0,354997.34
0.0,0,16.9,1,13.0,1,25.0,5,5061000,1.87,0.0,0.0,9461.4,8940.8,8940.8,2021,11,20,492839.0,437343.47
0.0,0,26.9,1,10.9,1,17.8,3,5061000,1.87,0.0,0.0,9461.4,8940.8,8940.8,2021,11,18,282036.0,305913.12
10.4,0,14.6,1,10.3,1,14.8,5,5061000,1.87,0.0,0.0,9461.4,8940.8,8940.8,2021,11,13,382530.0,342566.06
10.0,0,16.4,1,8.7,1,21.0,3,5061000,1.87,0.0,0.0,9461.4,8940.8,8940.8,2021,11,11,248077.0,251100.42
0.0,0,20.3,1,8.0,1,26.2,1,5061000,1.87,0.0,0.0,9461.4,8940.8,8940.8,2021,11,9,239465.0,254454.4
15.4,0,16.5,1,12.9,1,11.1,6,5061000,1.87,0.0,0.0,9461.4,8940.8,8940.8,2021,11,7,250532.0,239913.69
14.6,0,16.1,1,12.7,1,10.2,5,5061000,1.87,0.0,0.0,7576.3,7504.8,7504.8,2021,10,23,25948.0,76168.12
0.0,0,16.9,1,9.9,1,9.3,0,5061000,1.87,0.0,1.0,7576.3,7504.8,7504.8,2021,10,18,13756.0,9302.338
0.4,0,17.4,1,10.8,1,18.8,6,5061000,1.87,0.0,1.0,7576.3,7504.8,7504.8,2021,10,17,20100.0,6910.28
14.8,0,19.4,1,8.2,1,23.0,3,5061000,1.87,0.0,1.0,7576.3,7504.8,7504.8,2021,10,14,16249.0,23975.453
0.0,0,20.8,1,7.0,1,22.9,4,5061000,1.87,0.0,1.0,7576.3,7504.8,7504.8,2021,10,8,17561.0,24904.004
1.0,0,18.1,1,11.8,1,15.0,0,5061000,1.87,0.0,1.0,7576.3,7504.8,7504.8,2021,10,4,13226.0,884.7136
0.0,0,19.3,1,12.6,1,10.4,2,5061000,1.87,0.0,1.0,7022.4,7319.6,7319.6,2021,9,29,56693.0,59114.082
0.0,0,23.0,1,7.7,1,19.0,1,5061000,1.87,0.0,1.0,7022.4,7319.6,7319.6,2021,9,28,70695.0,66227.06
0.0,0,19.4,1,5.1,1,20.4,0,5061000,1.87,0.0,1.0,7022.4,7319.6,7319.6,2021,9,27,67351.0,76563.414
0.0,0,12.8,1,7.1,1,17.9,5,5061000,1.87,0.0,1.0,7022.4,7319.6,7319.6,2021,9,25,56212.0,75452.66
0.4,0,13.8,1,10.7,1,12.1,0,5061000,1.87,0.0,1.0,7022.4,7319.6,7319.6,2021,9,20,52560.0,54648.645
0.8,0,16.2,1,12.1,1,9.2,5,5061000,1.87,0.0,1.0,7022.4,7319.6,7319.6,2021,9,18,52187.0,58480.613
0.0,0,16.0,1,4.5,1,16.8,3,5061000,1.87,0.0,1.0,7022.4,7319.6,7319.6,2021,9,16,67560.0,48176.734
0.2,0,15.9,1,5.3,1,17.8,2,5061000,1.87,0.0,1.0,7022.4,7319.6,7319.6,2021,9,15,67337.0,57777.883
5.6,0,14.3,1,7.1,1,17.9,0,5061000,1.87,0.0,1.0,7022.4,7319.6,7319.6,2021,9,13,61267.0,61494.383
0.0,0,25.8,1,12.2,1,17.1,3,5061000,1.87,0.0,1.0,7022.4,7319.6,7319.6,2021,9,9,65979.0,65867.484
0.0,0,20.8,1,9.7,1,17.3,2,5061000,1.87,0.0,1.0,7022.4,7319.6,7319.6,2021,9,8,63812.0,63094.027
38.2,0,14.1,1,10.1,1,12.2,5,5061000,1.87,0.0,1.0,7022.4,7319.6,7319.6,2021,9,4,55432.0,62828.29
0.8,0,17.3,0,8.7,0,8.6,4,5061000,1.87,0.0,1.0,7122.4,7447.3,7447.3,2021,8,20,53164.0,49281.74
0.2,0,14.4,0,11.0,0,9.7,0,5061000,1.87,0.0,1.0,7122.4,7447.3,7447.3,2021,8,16,52595.0,44525.473
0.0,0,18.4,0,6.9,0,11.9,5,5061000,1.87,0.0,1.0,7122.4,7447.3,7447.3,2021,8,14,59482.0,67335.086
0.0,0,16.4,0,7.1,0,7.2,0,5061000,1.87,0.0,1.0,7122.4,7447.3,7447.3,2021,8,9,54309.0,58789.43
0.2,0,14.2,0,10.7,0,5.9,4,5061000,1.87,0.0,1.0,7122.4,7447.3,7447.3,2021,8,6,53458.0,37407.21
0.0,0,18.1,0,9.9,0,10.3,5,5061000,1.87,0.0,0.0,7380.2,7655.1,7655.1,2021,7,31,442730.0,377122.25
0.0,0,16.4,0,8.1,0,7.7,0,5061000,1.87,0.0,1.0,7380.2,7655.1,7655.1,2021,7,26,156749.0,148030.84
0.8,0,13.0,0,5.8,0,7.8,6,5061000,1.87,0.0,1.0,7380.2,7655.1,7655.1,2021,7,25,142662.0,146115.05
0.6,0,11.8,0,5.1,0,8.1,3,5061000,1.87,0.0,1.0,7380.2,7655.1,7655.1,2021,7,22,160265.0,149114.39
0.0,0,16.1,0,5.0,0,9.1,6,5061000,1.87,0.0,0.0,7380.2,7655.1,7655.1,2021,7,11,487400.0,459119.97
0.4,0,15.0,1,6.8,1,7.5,4,5061000,1.87,0.0,0.0,7257.9,7556.3,7556.3,2021,6,11,152498.0,231011.75
0.0,0,12.9,1,3.8,1,7.8,5,5061000,1.87,0.0,1.0,7257.9,7556.3,7556.3,2021,6,5,74837.0,89167.625
0.0,0,20.9,1,10.6,1,4.8,1,5061000,1.87,0.0,0.0,7640.1,7840.4,7840.4,2021,5,25,197937.0,211182.1
0.0,0,20.2,1,6.1,1,10.1,6,5061000,1.87,0.0,0.0,7640.1,7840.4,7840.4,2021,5,23,273297.0,284585.16
0.0,0,17.7,1,6.2,1,10.2,4,5061000,1.87,0.0,0.0,7640.1,7840.4,7840.4,2021,5,21,329858.0,329966.34
0.4,0,20.5,1,11.0,1,10.1,6,5061000,1.87,0.0,0.0,7640.1,7840.4,7840.4,2021,5,9,255850.0,287829.72
0.0,0,19.8,1,9.9,1,8.5,5,5061000,1.87,0.0,0.0,7640.1,7840.4,7840.4,2021,5,8,329662.0,344816.28
30.8,0,15.5,1,9.4,1,3.4,1,5061000,1.87,0.0,0.0,7640.1,7840.4,7840.4,2021,5,4,216252.0,215407.95
0.0,0,24.4,1,9.5,1,12.5,4,5061000,1.87,0.0,0.0,7539.6,7905.8,7905.8,2021,4,30,434911.0,403528.88
2.6,0,17.8,1,9.9,1,8.9,6,5061000,1.87,1.0,0.0,7539.6,7905.8,7905.8,2021,4,25,348318.0,366749.34
0.0,0,17.7,1,12.3,1,9.6,5,5061000,1.87,0.0,0.0,7539.6,7905.8,7905.8,2021,4,17,512343.0,434404.53
0.0,0,20.8,1,11.5,1,8.4,2,5061000,1.87,0.0,0.0,7539.6,7905.8,7905.8,2021,4,14,421300.0,372776.8
0.6,0,20.0,1,7.8,1,9.3,1,5061000,1.87,0.0,0.0,7539.6,7905.8,7905.8,2021,4,13,399870.0,364131.97
0.0,0,29.9,1,12.4,1,17.4,3,5061000,1.87,0.0,0.0,7539.6,7905.8,7905.8,2021,4,1,409485.0,390225.25
0.0,0,18.9,1,9.8,1,17.2,1,5061000,1.87,0.0,0.0,7800.0,7797.9,7797.9,2021,3,30,313894.0,289218.0
5.6,0,24.2,1,17.5,1,9.5,0,5061000,1.87,0.0,0.0,7800.0,7797.9,7797.9,2021,3,22,243385.0,257672.61
0.0,0,26.0,1,14.0,1,14.1,5,5061000,1.87,0.0,0.0,7800.0,7797.9,7797.9,2021,3,20,387758.0,365365.88
0.0,0,24.7,1,11.6,1,14.0,3,5061000,1.87,0.0,0.0,7800.0,7797.9,7797.9,2021,3,11,290041.0,324064.22
0.0,0,28.5,1,11.3,1,17.1,6,5061000,1.87,0.0,0.0,7800.0,7797.9,7797.9,2021,3,7,390415.0,300081.62
1.4,0,18.0,1,15.0,1,13.8,4,5061000,1.87,0.0,0.0,7800.0,7797.9,7797.9,2021,3,5,328516.0,359073.16
0.0,0,20.6,0,17.9,0,7.4,6,5061000,1.87,0.0,0.0,6701.3,7558.4,7558.4,2021,2,21,242014.0,250058.53
0.0,0,32.6,0,18.2,0,25.4,4,5061000,1.87,0.0,0.0,6701.3,7558.4,7558.4,2021,2,19,251242.0,261863.58
0.0,0,24.6,0,14.4,0,22.3,0,5061000,1.87,0.0,1.0,6701.3,7558.4,7558.4,2021,2,15,79501.0,85934.33
0.0,0,20.8,0,14.7,0,19.9,5,5061000,1.87,0.0,1.0,6701.3,7558.4,7558.4,2021,2,13,71929.0,73902.695
0.0,0,32.8,0,17.2,0,16.0,3,5061000,1.87,0.0,0.0,6701.3,7558.4,7558.4,2021,2,11,242485.0,244621.69
1.8,0,19.2,1,14.7,0,15.7,6,5061000,1.87,0.0,0.0,6701.3,7558.4,7558.4,2021,2,7,239602.0,229044.53
0.0,0,19.3,0,14.5,0,19.9,1,5061000,1.87,0.0,0.0,6701.3,7558.4,7558.4,2021,2,2,235213.0,219914.89
43.2,0,21.9,0,16.7,0,19.1,5,5061000,1.87,0.0,0.0,7636.5,7793.3,7793.3,2021,1,30,349598.0,287129.78
0.0,0,31.6,0,12.7,0,30.0,3,5061000,1.87,0.0,0.0,7636.5,7793.3,7793.3,2021,1,21,295085.0,306724.72
2.6,1,20.1,0,11.0,1,14.5,5,5061000,1.87,0.0,0.0,7636.5,7793.3,7793.3,2021,1,16,327661.0,349003.28
0.0,0,33.5,0,16.9,0,29.1,6,5061000,1.87,0.0,0.0,7636.5,7793.3,7793.3,2021,1,10,223058.0,248698.92
11.2,0,19.1,0,15.9,0,8.0,1,5061000,1.87,0.0,0.0,7636.5,7793.3,7793.3,2021,1,5,217111.0,256157.66
3.2,0,17.8,1,11.5,1,26.5,0,4968000,2.01,1.0,0.0,10012.4,7731.3,7731.3,2020,12,28,477132.0,365541.75
0.2,0,19.9,1,12.3,1,27.8,5,4968000,2.01,0.0,0.0,10012.4,7731.3,7731.3,2020,12,19,608369.0,549475.2
6.0,0,17.1,1,10.6,1,13.2,1,4968000,2.01,0.0,0.0,10012.4,7731.3,7731.3,2020,12,8,368727.0,424547.6
0.0,0,22.9,1,16.0,1,7.8,5,4968000,2.01,0.0,0.0,8725.1,8289.9,8289.9,2020,11,28,483173.0,372045.94
6.0,0,20.3,1,13.5,1,20.7,1,4968000,2.01,0.0,0.0,8725.1,8289.9,8289.9,2020,11,24,318157.0,363084.28
0.0,0,29.5,1,10.8,1,30.2,2,4968000,2.01,0.0,0.0,8725.1,8289.9,8289.9,2020,11,18,317093.0,353417.62
0.0,0,17.0,1,12.6,1,23.2,6,4968000,2.01,0.0,0.0,8725.1,8289.9,8289.9,2020,11,1,340678.0,303603.34
0.0,0,18.6,1,12.9,1,21.0,4,4968000,2.01,0.0,0.0,6925.3,6796.0,6796.0,2020,10,30,301773.0,266607.1
0.0,0,20.9,1,9.5,1,26.7,2,4968000,2.01,0.0,0.0,6925.3,6796.0,6796.0,2020,10,28,296308.0,215933.62
0.0,0,18.1,1,10.4,1,20.5,2,4968000,2.01,0.0,1.0,6925.3,6796.0,6796.0,2020,10,21,171569.0,163107.66
0.0,0,25.5,1,6.3,1,20.0,0,4968000,2.01,0.0,1.0,6925.3,6796.0,6796.0,2020,10,12,142603.0,170267.2
1.2,0,16.7,1,11.7,1,12.1,4,4968000,2.01,0.0,1.0,6925.3,6796.0,6796.0,2020,10,9,140160.0,138130.67
1.8,0,19.5,1,9.4,1,21.2,3,4968000,2.01,0.0,1.0,6925.3,6796.0,6796.0,2020,10,1,156951.0,145831.34
0.6,0,19.4,1,10.7,1,13.0,2,4968000,2.01,0.0,1.0,6212.8,6474.9,6474.9,2020,9,30,123965.0,112571.695
0.0,0,22.0,1,17.1,1,16.7,6,4968000,2.01,0.0,1.0,6212.8,6474.9,6474.9,2020,9,20,126231.0,120505.32
0.8,0,15.5,1,11.8,1,9.4,3,4968000,2.01,0.0,1.0,6212.8,6474.9,6474.9,2020,9,17,117948.0,93128.086
11.8,0,17.2,1,11.9,1,16.5,6,4968000,2.01,0.0,1.0,6212.8,6474.9,6474.9,2020,9,13,135325.0,101456.5
0.0,0,19.9,1,16.6,1,4.8,1,4968000,2.01,0.0,1.0,6212.8,6474.9,6474.9,2020,9,8,102222.0,89489.78
0.2,0,17.2,1,10.0,1,11.2,1,4968000,2.01,0.0,1.0,6236.5,6495.9,6495.9,2020,8,18,107573.0,114884.23
0.4,0,15.0,1,10.7,1,9.9,6,4968000,2.01,0.0,1.0,6236.5,6495.9,6495.9,2020,8,16,93268.0,90195.66
0.8,0,15.9,1,9.4,1,10.0,2,4968000,2.01,0.0,1.0,6236.5,6495.9,6495.9,2020,8,12,93981.0,95722.18
0.0,0,13.5,0,6.1,0,10.5,4,4968000,2.01,0.0,1.0,7130.8,7428.0,7428.0,2020,7,24,152664.0,171565.38
0.0,0,12.5,0,4.0,0,8.3,5,4968000,2.01,0.0,1.0,7130.8,7428.0,7428.0,2020,7,18,132002.0,134351.55
1.4,0,11.8,0,8.9,0,4.8,1,4968000,2.01,0.0,0.0,7130.8,7428.0,7428.0,2020,7,7,238293.0,237840.3
0.0,0,16.9,0,4.6,0,9.1,3,4968000,2.01,0.0,0.0,7237.1,7508.2,7508.2,2020,6,18,304924.0,276389.62
0.4,0,14.6,0,10.2,0,8.5,2,4968000,2.01,0.0,0.0,7237.1,7508.2,7508.2,2020,6,17,281953.0,258714.83
0.0,0,17.9,0,13.0,0,6.7,1,4968000,2.01,0.0,0.0,7237.1,7508.2,7508.2,2020,6,16,260939.0,221961.77
0.0,0,18.4,0,11.6,0,8.0,0,4968000,2.01,0.0,0.0,7237.1,7508.2,7508.2,2020,6,15,265822.0,242913.19
0.0,0,16.4,0,5.7,0,3.4,5,4968000,2.01,0.0,0.0,7237.1,7508.2,7508.2,2020,6,13,307896.0,269797.56
0.0,0,16.7,0,3.9,0,8.8,2,4968000,2.01,0.0,0.0,7237.1,7508.2,7508.2,2020,6,10,266985.0,262331.3
0.0,0,13.8,0,9.3,0,9.3,3,4968000,2.01,0.0,0.0,7237.1,7508.2,7508.2,2020,6,4,275284.0,280941.84
15.6,0,15.8,0,10.3,0,7.8,2,4968000,2.01,0.0,0.0,7054.6,7231.6,7231.6,2020,5,20,206672.0,203849.05
0.4,0,19.5,0,8.0,0,11.6,1,4968000,2.01,0.0,1.0,7054.6,7231.6,7231.6,2020,5,5,181264.0,181388.4
1.8,0,15.0,0,9.8,0,8.3,6,4968000,2.01,0.0,1.0,7054.6,7231.6,7231.6,2020,5,3,142264.0,134049.38
8.0,0,13.0,0,7.6,0,5.1,4,4968000,2.01,0.0,1.0,7054.6,7231.6,7231.6,2020,5,1,136457.0,161847.39
0.0,0,21.7,0,10.5,0,10.4,5,4968000,2.01,1.0,1.0,5946.7,6187.4,6187.4,2020,4,25,143233.0,111725.94
0.0,0,16.4,0,12.9,0,7.9,5,4968000,2.01,0.0,1.0,5946.7,6187.4,6187.4,2020,4,18,130035.0,96004.04
0.0,0,23.5,0,15.6,0,11.8,2,4968000,2.01,0.0,1.0,5946.7,6187.4,6187.4,2020,4,15,137139.0,153993.58
0.6,0,23.4,0,12.1,0,11.1,1,4968000,2.01,0.0,1.0,5946.7,6187.4,6187.4,2020,4,14,136329.0,142476.16
0.0,0,18.3,0,12.2,0,14.3,0,4968000,2.01,1.0,1.0,5946.7,6187.4,6187.4,2020,4,13,107027.0,82785.76
0.0,0,21.2,0,8.9,0,15.8,3,4968000,2.01,0.0,1.0,5946.7,6187.4,6187.4,2020,4,9,156010.0,199734.3
23.0,0,20.7,0,12.4,0,4.2,3,4968000,2.01,0.0,1.0,5946.7,6187.4,6187.4,2020,4,2,109339.0,111156.82
0.0,0,27.6,1,13.6,1,17.8,4,4968000,2.01,0.0,0.0,7653.1,7786.5,7786.5,2020,3,27,182830.0,342648.25
0.0,0,17.9,1,8.5,1,15.8,1,4968000,2.01,0.0,0.0,7653.1,7786.5,7786.5,2020,3,24,219825.0,470744.44
0.0,0,18.4,1,14.6,1,10.8,5,4968000,2.01,0.0,0.0,7653.1,7786.5,7786.5,2020,3,21,295478.0,496041.44
0.0,0,30.4,1,18.7,1,8.2,3,4968000,2.01,0.0,0.0,7653.1,7786.5,7786.5,2020,3,19,455738.0,532144.6
0.2,0,20.0,1,15.4,1,17.1,5,4968000,2.01,0.0,0.0,7653.1,7786.5,7786.5,2020,3,7,804962.0,693324.1
0.0,0,23.5,1,13.6,1,7.1,2,4968000,2.01,0.0,0.0,7653.1,7786.5,7786.5,2020,3,4,863281.0,677919.44
0.0,0,32.1,1,13.2,1,20.8,6,4968000,2.01,0.0,0.0,7653.1,7786.5,7786.5,2020,3,1,605182.0,635866.06
0.0,0,22.4,1,14.7,1,22.8,5,4968000,2.01,0.0,0.0,6696.7,7287.2,7287.2,2020,2,29,756577.0,674629.7
4.0,0,19.2,1,16.2,1,19.3,2,4968000,2.01,0.0,0.0,6696.7,7287.2,7287.2,2020,2,26,841222.0,784004.5
3.6,0,31.6,1,18.4,1,10.6,1,4968000,2.01,0.0,0.0,6696.7,7287.2,7287.2,2020,2,25,758601.0,725238.6
0.0,0,34.0,1,13.3,1,21.6,6,4968000,2.01,0.0,0.0,6696.7,7287.2,7287.2,2020,2,23,571254.0,627899.75
3.2,0,18.7,1,14.2,1,15.2,3,4968000,2.01,0.0,0.0,6696.7,7287.2,7287.2,2020,2,20,849693.0,776922.6
0.0,0,31.7,1,19.4,1,26.7,3,4968000,2.01,0.0,0.0,6696.7,7287.2,7287.2,2020,2,13,761493.0,715914.75
0.0,0,27.7,1,19.1,1,17.3,2,4968000,2.01,0.0,0.0,6696.7,7287.2,7287.2,2020,2,12,752262.0,721688.44
0.6,0,27.7,1,18.5,1,15.0,0,4968000,2.01,0.0,0.0,6696.7,7287.2,7287.2,2020,2,10,674653.0,682859.44
0.0,0,20.1,1,10.8,1,27.1,2,4968000,2.01,0.0,0.0,6696.7,7287.2,7287.2,2020,2,5,723076.0,727476.5
0.0,0,17.7,1,13.2,1,22.7,0,4968000,2.01,0.0,0.0,6696.7,7287.2,7287.2,2020,2,3,669407.0,640331.6
14.8,0,25.1,1,14.2,1,21.0,6,4968000,2.01,0.0,0.0,6696.7,7287.2,7287.2,2020,2,2,532898.0,552224.44
0.8,0,29.3,1,23.5,1,1.8,5,4968000,2.01,0.0,0.0,6696.7,7287.2,7287.2,2020,2,1,450930.0,534875.2
15.6,0,19.3,1,13.5,1,18.2,5,4968000,2.01,0.0,0.0,7121.9,7252.9,7252.9,2020,1,11,625729.0,647054.9
0.0,0,23.8,1,16.8,1,26.9,2,4968000,2.01,0.0,0.0,7121.9,7252.9,7252.9,2020,1,8,788364.0,715037.1
1.2,0,20.1,1,12.6,1,7.7,1,4968000,2.01,0.0,0.0,7121.9,7252.9,7252.9,2020,1,7,714159.0,699624.2
8.2,0,18.0,1,11.9,1,2.7,0,4968000,2.01,0.0,0.0,7121.9,7252.9,7252.9,2020,1,6,636000.0,593161.8
0.0,0,36.6,1,13.7,1,30.7,4,4968000,2.01,0.0,0.0,7121.9,7252.9,7252.9,2020,1,3,664722.0,696733.5
0.0,0,22.6,1,13.0,1,21.7,0,4870000,2.08,0.0,0.0,9376.9,7279.2,7279.2,2019,12,16,808250.0,782246.9
0.0,0,21.7,1,15.1,1,16.4,6,4870000,2.08,0.0,0.0,9376.9,7279.2,7279.2,2019,12,15,659284.0,592327.4
0.0,0,20.9,1,11.4,1,24.8,4,4870000,2.08,0.0,0.0,9376.9,7279.2,7279.2,2019,12,13,912501.0,918383.25
0.0,0,18.4,1,13.4,1,22.7,3,4870000,2.08,0.0,0.0,9376.9,7279.2,7279.2,2019,12,12,839040.0,853340.94
0.0,0,23.9,1,12.3,1,20.4,3,4870000,2.08,0.0,0.0,9376.9,7279.2,7279.2,2019,12,5,855612.0,845164.75
0.0,0,27.4,0,11.4,0,18.0,0,4870000,2.08,0.0,0.0,7716.0,7278.5,7278.5,2019,11,25,761179.0,754943.5
0.0,0,18.5,0,13.0,0,12.4,4,4870000,2.08,0.0,0.0,7716.0,7278.5,7278.5,2019,11,15,952362.0,865772.6
0.6,0,17.4,0,11.5,0,12.7,1,4870000,2.08,0.0,0.0,7716.0,7278.5,7278.5,2019,11,12,720188.0,759391.3
0.0,0,29.6,0,10.0,0,27.4,0,4870000,2.08,0.0,0.0,7716.0,7278.5,7278.5,2019,11,11,776489.0,808859.56
0.2,0,18.1,0,10.8,0,13.5,6,4870000,2.08,0.0,0.0,7716.0,7278.5,7278.5,2019,11,10,542449.0,582698.6
10.2,0,19.6,0,7.7,0,27.4,1,4870000,2.08,1.0,0.0,7716.0,7278.5,7278.5,2019,11,5,526929.0,618281.75
1.2,0,16.2,0,9.5,0,11.2,0,4870000,2.08,0.0,0.0,7716.0,7278.5,7278.5,2019,11,4,695188.0,684080.75
12.4,0,20.7,0,12.8,0,7.8,6,4870000,2.08,0.0,0.0,7716.0,7278.5,7278.5,2019,11,3,510847.0,482977.6
0.0,0,21.6,0,16.8,0,10.0,4,4870000,2.08,0.0,0.0,7304.3,7211.3,7211.3,2019,10,25,857737.0,832497.75
0.0,0,20.4,0,8.2,0,20.1,5,4870000,2.08,0.0,0.0,7304.3,7211.3,7211.3,2019,10,12,842641.0,722417.6
0.0,0,18.9,0,9.5,0,17.5,4,4870000,2.08,0.0,0.0,7304.3,7211.3,7211.3,2019,10,11,963548.0,887757.44
5.8,0,15.0,0,8.5,0,19.3,2,4870000,2.08,0.0,0.0,7304.3,7211.3,7211.3,2019,10,9,766114.0,721563.8
0.2,0,14.9,1,7.2,1,17.7,5,4870000,2.08,0.0,0.0,6890.5,7243.3,7243.3,2019,9,28,586107.0,677218.25
0.0,0,18.8,1,12.3,1,7.4,4,4870000,2.08,1.0,0.0,6890.5,7243.3,7243.3,2019,9,27,564096.0,678996.0
0.0,0,20.3,1,8.3,1,19.6,3,4870000,2.08,0.0,0.0,6890.5,7243.3,7243.3,2019,9,26,924044.0,835933.6
1.4,0,15.1,1,8.3,1,13.3,1,4870000,2.08,0.0,0.0,6890.5,7243.3,7243.3,2019,9,24,730509.0,761039.7
0.0,0,19.6,1,11.1,1,9.4,6,4870000,2.08,0.0,0.0,6890.5,7243.3,7243.3,2019,9,1,513540.0,526884.25
6.2,0,13.0,1,6.1,1,13.2,3,4870000,2.08,0.0,0.0,7046.9,7233.2,7233.2,2019,8,29,772194.0,819715.7
0.0,0,15.1,1,3.8,1,14.5,4,4870000,2.08,0.0,0.0,7046.9,7233.2,7233.2,2019,8,23,1151467.0,894458.2
4.2,0,12.5,1,5.2,1,6.6,5,4870000,2.08,0.0,0.0,7046.9,7233.2,7233.2,2019,8,10,598197.0,647679.9
6.8,0,15.3,1,9.8,1,8.7,5,4870000,2.08,0.0,0.0,6886.1,7204.8,7204.8,2019,7,27,786789.0,671114.0
8.0,0,14.4,1,7.0,1,7.8,2,4870000,2.08,0.0,0.0,6886.1,7204.8,7204.8,2019,7,24,810743.0,759837.1
0.0,0,17.1,1,8.0,1,10.3,5,4870000,2.08,0.0,0.0,6886.1,7204.8,7204.8,2019,7,20,725338.0,740821.8
0.0,0,13.7,1,9.7,1,3.6,2,4870000,2.08,0.0,0.0,6886.1,7204.8,7204.8,2019,7,17,729827.0,742487.3
0.8,0,13.1,1,7.1,1,3.8,6,4870000,2.08,0.0,0.0,6886.1,7204.8,7204.8,2019,7,14,469628.0,537687.2
0.2,0,15.4,1,9.5,1,6.7,2,4870000,2.08,0.0,0.0,6886.1,7204.8,7204.8,2019,7,10,798164.0,775514.9
0.0,0,17.0,1,3.5,1,8.9,1,4870000,2.08,0.0,0.0,6906.9,7186.9,7185.5,2019,6,25,737855.0,740344.1
1.2,0,9.6,1,3.6,1,5.9,6,4870000,2.08,0.0,0.0,6906.9,7186.9,7185.5,2019,6,23,502406.0,475741.16
0.8,0,11.9,1,6.6,1,7.0,2,4870000,2.08,0.0,0.0,6906.9,7186.9,7185.5,2019,6,19,733238.0,720278.8
3.4,0,17.9,1,6.3,1,8.6,0,4870000,2.08,0.0,0.0,6906.9,7186.9,7185.5,2019,6,17,726952.0,697004.7
2.2,0,17.3,1,10.0,1,7.0,4,4870000,2.08,0.0,0.0,6906.9,7186.9,7185.5,2019,6,14,885126.0,818231.4
0.6,0,16.5,1,11.9,1,1.3,2,4870000,2.08,0.0,0.0,6906.9,7186.9,7185.5,2019,6,12,641155.0,684930.56
2.4,0,14.6,1,11.7,1,5.8,5,4870000,2.08,0.0,0.0,6906.9,7186.9,7185.5,2019,6,1,646696.0,624887.94
0.0,0,20.2,1,13.8,1,4.4,4,4870000,2.08,0.0,0.0,7014.1,7181.5,7163.6,2019,5,24,811648.0,805530.06
0.0,0,21.3,1,9.9,1,10.2,3,4870000,2.08,0.0,0.0,7014.1,7181.5,7163.6,2019,5,23,784265.0,822648.06
0.0,0,18.1,1,12.7,1,8.3,0,4870000,2.08,0.0,0.0,7014.1,7181.5,7163.6,2019,5,13,688802.0,702660.2
0.0,0,18.7,1,7.4,1,11.7,1,4870000,2.08,0.0,0.0,7014.1,7181.5,7163.6,2019,5,7,780853.0,780540.1
0.0,0,18.1,1,11.5,1,8.4,0,4870000,2.08,0.0,0.0,6825.2,7097.4,7138.9,2019,4,29,724414.0,709472.8
0.0,0,17.4,1,12.4,1,5.2,6,4870000,2.08,0.0,0.0,6825.2,7097.4,7138.9,2019,4,28,475231.0,528142.94
0.0,0,21.5,1,10.2,1,10.6,3,4870000,2.08,1.0,0.0,6825.2,7097.4,7138.9,2019,4,25,665600.0,755696.7
0.0,0,27.4,1,12.9,1,10.9,0,4870000,2.08,0.0,0.0,6825.2,7097.4,7138.9,2019,4,15,838956.0,790108.6
0.0,0,22.5,1,11.8,1,14.4,6,4870000,2.08,0.0,0.0,6825.2,7097.4,7138.9,2019,4,14,660207.0,676158.8
0.0,0,20.7,1,10.5,1,10.0,5,4870000,2.08,0.0,0.0,6825.2,7097.4,7138.9,2019,4,13,766410.0,747848.56
0.0,0,17.3,1,11.3,1,14.4,3,4870000,2.08,0.0,0.0,6825.2,7097.4,7138.9,2019,4,11,894234.0,857144.5
1.4,0,15.8,1,10.7,1,4.8,2,4870000,2.08,0.0,0.0,6825.2,7097.4,7138.9,2019,4,10,856547.0,744629.06
0.0,0,26.5,1,9.5,1,15.9,6,4870000,2.08,0.0,0.0,6825.2,7097.4,7138.9,2019,4,7,706952.0,696109.56
0.2,0,17.1,1,13.0,1,6.6,0,4870000,2.08,0.0,0.0,6825.2,7097.4,7138.9,2019,4,1,734355.0,718746.7
0.0,0,28.5,0,14.6,0,4.9,4,4870000,2.08,0.0,0.0,7035.3,7142.7,7115.4,2019,3,29,862863.0,779613.56
0.0,0,20.3,0,12.3,0,15.9,1,4870000,2.08,0.0,0.0,7035.3,7142.7,7115.4,2019,3,26,781622.0,810745.8
0.0,0,25.6,0,14.2,0,19.2,6,4870000,2.08,0.0,0.0,7035.3,7142.7,7115.4,2019,3,17,594064.0,682977.06
0.2,0,21.8,0,15.9,0,18.6,0,4870000,2.08,1.0,0.0,7035.3,7142.7,7115.4,2019,3,11,669885.0,730510.25
0.0,1,36.8,0,16.3,1,23.4,3,4870000,2.08,0.0,0.0,6292.9,7108.9,7098.4,2019,2,28,770115.0,691773.44
0.0,0,34.2,0,18.0,0,24.4,0,4870000,2.08,0.0,0.0,6292.9,7108.9,7098.4,2019,2,25,711333.0,662151.3
0.0,0,29.0,0,15.0,0,20.0,6,4870000,2.08,0.0,0.0,6292.9,7108.9,7098.4,2019,2,17,556289.0,592155.3
0.0,0,27.5,0,14.4,0,18.6,0,4870000,2.08,0.0,0.0,6292.9,7108.9,7098.4,2019,2,11,646864.0,687181.3
0.0,0,34.7,0,18.5,0,22.8,2,4870000,2.08,0.0,0.0,6292.9,7108.9,7098.4,2019,2,6,629093.0,676227.8
6.6,0,21.5,1,17.2,1,27.8,3,4870000,2.08,0.0,0.0,6926.8,7059.9,7088.3,2019,1,31,645405.0,705367.9
0.0,0,25.1,1,18.4,1,28.2,0,4870000,2.08,0.0,0.0,6926.8,7059.9,7088.3,2019,1,21,683658.0,696734.6
0.2,0,28.7,1,22.3,1,2.6,4,4870000,2.08,0.0,0.0,6926.8,7059.9,7088.3,2019,1,18,806916.0,640678.94
0.0,0,26.7,1,19.8,1,17.5,2,4870000,2.08,0.0,0.0,6926.8,7059.9,7088.3,2019,1,16,729249.0,695075.9
0.0,0,30.4,1,19.4,1,22.3,1,4870000,2.08,0.0,0.0,6926.8,7059.9,7088.3,2019,1,15,658098.0,637502.6
0.0,0,32.3,1,18.7,1,31.1,0,4870000,2.08,0.0,0.0,6926.8,7059.9,7088.3,2019,1,14,637718.0,625057.9
0.0,0,30.4,1,12.9,1,31.5,4,4870000,2.08,0.0,0.0,6926.8,7059.9,7088.3,2019,1,11,778900.0,701121.1
0.0,0,23.1,1,17.1,1,30.2,0,4870000,2.08,0.0,0.0,6926.8,7059.9,7088.3,2019,1,7,644569.0,649727.94
0.0,0,29.5,1,15.9,1,27.6,3,4870000,2.08,0.0,0.0,6926.8,7059.9,7088.3,2019,1,3,622491.0,681675.3
0.0,0,36.4,1,21.9,1,19.1,4,4771000,2.51,0.0,0.0,9118.5,7067.5,7082.5,2018,12,28,604445.0,667254.3
16.2,0,21.1,1,16.9,1,6.0,3,4771000,2.51,0.0,0.0,9118.5,7067.5,7082.5,2018,12,13,726613.0,682493.44
1.2,0,20.1,1,16.0,1,11.8,6,4771000,2.51,0.0,0.0,9118.5,7067.5,7082.5,2018,12,9,559634.0,591634.2
0.8,0,18.8,1,12.7,1,20.5,6,4771000,2.51,0.0,0.0,7511.7,7071.7,7077.0,2018,11,25,581217.0,568776.1
0.0,0,19.0,1,8.3,1,29.8,4,4771000,2.51,0.0,0.0,7511.7,7071.7,7077.0,2018,11,16,959849.0,883284.44
4.4,0,21.4,1,16.3,1,7.8,1,4771000,2.51,1.0,0.0,7511.7,7071.7,7077.0,2018,11,6,396287.0,611265.56
0.2,0,20.9,1,12.6,1,19.9,5,4771000,2.51,0.0,0.0,7511.7,7071.7,7077.0,2018,11,3,627051.0,672968.56
0.0,0,19.5,0,6.4,0,25.0,3,4771000,2.51,0.0,0.0,7169.5,7104.8,7065.8,2018,10,25,776884.0,789014.0
0.2,0,23.1,0,20.0,0,6.1,1,4771000,2.51,0.0,0.0,7169.5,7104.8,7065.8,2018,10,16,677960.0,644979.4
0.0,0,27.5,0,19.5,0,19.4,0,4771000,2.51,0.0,0.0,7169.5,7104.8,7065.8,2018,10,15,711447.0,671494.06
0.0,0,27.3,0,12.4,0,22.1,6,4771000,2.51,0.0,0.0,7169.5,7104.8,7065.8,2018,10,14,601161.0,612424.8
0.0,0,20.7,0,6.4,0,23.7,3,4771000,2.51,0.0,0.0,7169.5,7104.8,7065.8,2018,10,11,820022.0,826328.1
0.0,0,28.2,0,13.5,0,22.7,0,4771000,2.51,0.0,0.0,7169.5,7104.8,7065.8,2018,10,8,729426.0,723986.5
0.0,0,23.8,0,8.3,0,22.7,5,4771000,2.51,0.0,0.0,7169.5,7104.8,7065.8,2018,10,6,730360.0,733681.9
0.0,0,15.2,1,10.7,1,10.2,4,4771000,2.51,1.0,0.0,6757.1,7058.9,7045.5,2018,9,28,645900.0,731345.25
0.0,0,24.2,1,9.2,1,20.8,3,4771000,2.51,0.0,0.0,6757.1,7058.9,7045.5,2018,9,27,876320.0,805080.75
0.0,0,13.6,1,8.6,1,12.2,1,4771000,2.51,0.0,0.0,6757.1,7058.9,7045.5,2018,9,25,757686.0,711195.5
2.0,0,14.0,1,5.5,1,15.3,6,4771000,2.51,0.0,0.0,6757.1,7058.9,7045.5,2018,9,16,514105.0,542677.6
0.2,0,13.7,1,10.2,1,6.3,5,4771000,2.51,0.0,0.0,6757.1,7058.9,7045.5,2018,9,15,552929.0,630864.8
0.0,0,24.2,1,9.1,1,17.7,1,4771000,2.51,0.0,0.0,6757.1,7058.9,7045.5,2018,9,11,765057.0,745776.7
0.0,0,18.0,1,13.4,1,10.2,0,4771000,2.51,0.0,0.0,6757.1,7058.9,7045.5,2018,9,10,698152.0,693335.2
3.4,0,15.1,1,8.7,1,14.7,4,4771000,2.51,0.0,0.0,6757.1,7058.9,7045.5,2018,9,7,899180.0,824467.75
0.0,0,20.6,1,13.8,1,9.5,3,4771000,2.51,0.0,0.0,6757.1,7058.9,7045.5,2018,9,6,734735.0,757953.7
0.0,0,20.2,1,8.1,1,14.5,2,4771000,2.51,0.0,0.0,6757.1,7058.9,7045.5,2018,9,5,754758.0,763079.56
0.0,0,12.5,1,0.8,1,15.5,2,4771000,2.51,0.0,0.0,6793.4,7008.3,7015.2,2018,8,29,748648.0,743702.94
0.0,0,15.2,1,3.9,1,14.9,5,4771000,2.51,0.0,0.0,6793.4,7008.3,7015.2,2018,8,25,699933.0,668759.6
0.0,0,16.0,1,5.6,1,11.1,3,4771000,2.51,0.0,0.0,6793.4,7008.3,7015.2,2018,8,23,726456.0,752541.75
4.6,0,14.8,1,5.4,1,10.4,6,4771000,2.51,0.0,0.0,6793.4,7008.3,7015.2,2018,8,12,571435.0,524064.22
1.6,0,14.8,1,9.9,1,11.4,2,4771000,2.51,0.0,0.0,6793.4,7008.3,7015.2,2018,8,1,764648.0,742449.0
0.6,0,15.6,1,8.6,1,7.1,1,4771000,2.51,0.0,0.0,6657.5,6962.3,6976.8,2018,7,24,679141.0,706788.06
0.2,0,14.0,1,6.7,1,7.2,5,4771000,2.51,0.0,0.0,6657.5,6962.3,6976.8,2018,7,21,672352.0,658775.2
0.0,0,15.5,1,4.4,1,10.0,5,4771000,2.51,0.0,0.0,6657.5,6962.3,6976.8,2018,7,14,699154.0,670074.56
0.0,0,17.1,1,10.4,1,6.0,2,4771000,2.51,0.0,0.0,6657.5,6962.3,6976.8,2018,7,4,723847.0,723815.8
0.4,0,14.2,1,9.4,1,4.9,5,4771000,2.51,0.0,0.0,6704.9,6946.2,6935.3,2018,6,30,610946.0,621513.56
5.6,0,14.5,1,8.6,1,7.8,3,4771000,2.51,0.0,0.0,6704.9,6946.2,6935.3,2018,6,14,671018.0,713685.2
0.0,0,14.1,1,9.5,1,7.1,2,4771000,2.51,0.0,0.0,6704.9,6946.2,6935.3,2018,6,13,642456.0,702352.56
3.0,0,15.6,1,11.3,1,8.0,5,4771000,2.51,0.0,0.0,6704.9,6946.2,6935.3,2018,6,9,703289.0,653571.9
0.0,0,14.9,1,9.4,1,9.5,4,4771000,2.51,0.0,0.0,6698.5,6877.2,6896.8,2018,5,25,825314.0,813304.6
0.0,0,17.0,1,13.0,1,3.6,1,4771000,2.51,0.0,0.0,6698.5,6877.2,6896.8,2018,5,22,659904.0,672337.06
2.4,0,16.7,1,12.6,1,5.0,0,4771000,2.51,0.0,0.0,6698.5,6877.2,6896.8,2018,5,21,642342.0,634150.0
0.0,0,15.0,1,11.7,1,6.9,3,4771000,2.51,0.0,0.0,6698.5,6877.2,6896.8,2018,5,17,698204.0,708210.44
2.0,0,14.3,1,9.4,1,7.6,2,4771000,2.51,0.0,0.0,6698.5,6877.2,6896.8,2018,5,16,694086.0,690267.1
0.2,0,17.9,1,13.4,1,10.6,1,4771000,2.51,0.0,0.0,6698.5,6877.2,6896.8,2018,5,8,698698.0,720280.75
0.0,0,24.6,1,13.7,1,5.2,1,4771000,2.51,0.0,0.0,6517.3,6871.5,6864.1,2018,4,24,797210.0,731190.06
0.0,0,25.7,1,15.9,1,13.6,0,4771000,2.51,0.0,0.0,6517.3,6871.5,6864.1,2018,4,9,770410.0,745631.0
0.0,0,21.2,1,13.8,1,14.8,4,4771000,2.51,0.0,0.0,6517.3,6871.5,6864.1,2018,4,6,941251.0,892831.75
0.0,0,30.3,1,11.3,1,17.8,2,4771000,2.51,0.0,0.0,6821.8,6824.2,6835.8,2018,3,28,786330.0,781795.7
1.2,0,22.6,1,9.6,1,14.0,1,4771000,2.51,0.0,0.0,6821.8,6824.2,6835.8,2018,3,27,756878.0,749169.2
0.0,0,25.1,1,11.2,1,18.3,2,4771000,2.51,0.0,0.0,6821.8,6824.2,6835.8,2018,3,21,829423.0,837868.75
0.2,0,19.2,1,15.4,1,9.5,1,4771000,2.51,0.0,0.0,6821.8,6824.2,6835.8,2018,3,20,775923.0,757600.75
0.0,0,23.1,1,22.6,1,13.4,6,4771000,2.51,0.0,0.0,6821.8,6824.2,6835.8,2018,3,18,667367.0,661408.44
0.0,0,20.8,1,15.3,1,13.9,3,4771000,2.51,0.0,0.0,6821.8,6824.2,6835.8,2018,3,15,804746.0,829262.7
0.0,0,22.8,1,17.0,1,14.3,6,4771000,2.51,0.0,0.0,6821.8,6824.2,6835.8,2018,3,11,896185.0,701671.1
0.0,0,30.5,1,14.9,1,22.1,3,4771000,2.51,0.0,0.0,6821.8,6824.2,6835.8,2018,3,8,859611.0,850705.8
0.0,0,21.1,1,14.9,1,16.6,0,4771000,2.51,0.0,0.0,6821.8,6824.2,6835.8,2018,3,5,749241.0,757408.6
0.0,0,21.0,1,15.8,1,22.2,6,4771000,2.51,0.0,0.0,6821.8,6824.2,6835.8,2018,3,4,589008.0,621523.75
0.0,0,29.3,1,16.0,1,16.0,2,4771000,2.51,0.0,0.0,6039.6,6822.7,6806.9,2018,2,21,799707.0,825104.44
0.0,0,29.5,1,14.1,1,25.5,1,4771000,2.51,0.0,0.0,6039.6,6822.7,6806.9,2018,2,20,795035.0,808389.8
0.8,0,25.4,1,17.6,1,20.9,0,4771000,2.51,0.0,0.0,6039.6,6822.7,6806.9,2018,2,19,762748.0,766939.9
0.0,0,25.3,1,12.4,1,24.1,5,4771000,2.51,0.0,0.0,6039.6,6822.7,6806.9,2018,2,17,1001341.0,772723.6
0.0,0,29.9,1,17.7,1,27.6,1,4771000,2.51,0.0,0.0,6039.6,6822.7,6806.9,2018,2,6,733380.0,734914.4
0.0,0,22.1,1,13.4,1,28.4,4,4771000,2.51,0.0,0.0,6039.6,6822.7,6806.9,2018,2,2,810805.0,831699.75
0.0,0,19.1,1,14.6,1,19.6,2,4771000,2.51,0.0,0.0,6602.5,6757.3,6773.6,2018,1,31,572254.0,620303.7
0.0,0,40.0,1,16.6,1,30.8,3,4771000,2.51,0.0,0.0,6602.5,6757.3,6773.6,2018,1,18,585537.0,603351.8
0.0,0,26.9,1,12.9,1,31.1,1,4771000,2.51,0.0,0.0,6602.5,6757.3,6773.6,2018,1,16,676656.0,627403.2
0.0,0,30.7,1,14.7,1,31.7,4,4771000,2.51,0.0,0.0,6602.5,6757.3,6773.6,2018,1,5,577843.0,577887.5
0.0,0,21.0,1,14.6,1,27.2,2,4771000,2.51,0.0,0.0,6602.5,6757.3,6773.6,2018,1,3,560471.0,578436.5
0.2,0,24.4,1,18.6,1,9.3,4,4654000,2.49,0.0,0.0,8757.0,6766.4,6735.7,2017,12,29,472351.0,624113.56
0.0,0,30.5,1,12.5,1,31.9,1,4654000,2.49,1.0,0.0,8757.0,6766.4,6735.7,2017,12,26,611709.0,531554.6
0.0,0,26.4,1,15.8,1,31.3,1,4654000,2.49,0.0,0.0,8757.0,6766.4,6735.7,2017,12,12,679300.0,647467.8
5.4,0,17.5,1,12.4,1,7.9,0,4654000,2.49,0.0,0.0,8757.0,6766.4,6735.7,2017,12,4,549356.0,522306.72
0.0,0,34.9,1,22.5,1,23.1,3,4654000,2.49,0.0,0.0,7150.7,6769.3,6695.3,2017,11,30,596464.0,558651.44
0.0,0,33.9,1,18.2,1,29.5,1,4654000,2.49,0.0,0.0,7150.7,6769.3,6695.3,2017,11,14,620754.0,632191.06
0.0,0,33.0,1,13.7,1,29.5,0,4654000,2.49,0.0,0.0,7150.7,6769.3,6695.3,2017,11,13,615766.0,635873.2
0.0,0,23.3,1,13.2,1,25.0,6,4654000,2.49,0.0,0.0,7150.7,6769.3,6695.3,2017,11,12,501203.0,554092.3
0.0,0,27.2,1,12.1,1,23.7,4,4654000,2.49,0.0,0.0,7150.7,6769.3,6695.3,2017,11,10,747966.0,746537.44
3.4,0,15.8,1,10.0,1,18.8,1,4654000,2.49,1.0,0.0,7150.7,6769.3,6695.3,2017,11,7,395319.0,444900.94
0.0,0,16.1,1,10.9,1,18.9,0,4654000,2.49,0.0,0.0,7150.7,6769.3,6695.3,2017,11,6,666105.0,597963.75
0.0,0,17.6,1,6.4,1,24.1,6,4654000,2.49,0.0,0.0,7150.7,6769.3,6695.3,2017,11,5,490323.0,490898.72
0.4,0,21.4,0,15.0,0,16.8,5,4654000,2.49,0.0,0.0,6727.1,6649.9,6658.3,2017,10,28,550554.0,504800.72
0.0,0,27.4,0,10.3,0,26.1,4,4654000,2.49,0.0,0.0,6727.1,6649.9,6658.3,2017,10,27,729180.0,663958.56
0.2,0,16.8,0,12.9,0,12.2,3,4654000,2.49,0.0,0.0,6727.1,6649.9,6658.3,2017,10,26,596280.0,530615.2
2.6,0,16.2,0,11.3,0,24.0,4,4654000,2.49,0.0,0.0,6727.1,6649.9,6658.3,2017,10,20,642813.0,645650.0
0.2,0,18.8,0,8.0,0,23.6,1,4654000,2.49,0.0,0.0,6727.1,6649.9,6658.3,2017,10,10,548259.0,570364.1
0.0,0,22.3,0,6.8,0,21.8,1,4654000,2.49,0.0,0.0,6727.1,6649.9,6658.3,2017,10,3,578288.0,597116.4
0.0,0,19.2,1,6.0,1,17.3,2,4654000,2.49,0.0,0.0,6368.9,6595.2,6631.0,2017,9,20,585948.0,578068.75
0.0,0,22.0,1,10.5,1,15.7,0,4654000,2.49,0.0,0.0,6368.9,6595.2,6631.0,2017,9,18,507641.0,536427.6
1.4,0,15.3,1,5.8,1,10.8,3,4654000,2.49,0.0,0.0,6368.9,6595.2,6631.0,2017,9,14,504662.0,528040.7
1.2,0,14.9,1,7.1,1,15.9,5,4654000,2.49,0.0,0.0,6368.9,6595.2,6631.0,2017,9,9,444444.0,500176.75
0.2,0,13.3,1,6.5,1,11.0,1,4654000,2.49,0.0,0.0,6368.9,6595.2,6631.0,2017,9,5,437020.0,472716.66
0.0,0,18.4,1,7.3,1,6.3,5,4654000,2.49,0.0,0.0,6368.9,6595.2,6631.0,2017,9,2,422721.0,473534.0
0.0,0,17.0,1,3.7,1,14.4,4,4654000,2.49,0.0,0.0,6368.9,6595.2,6631.0,2017,9,1,576144.0,621576.2
0.0,0,12.9,1,5.4,1,9.1,1,4654000,2.49,0.0,0.0,6389.1,6598.7,6614.8,2017,8,29,481031.0,490953.78
0.0,0,15.3,1,9.9,1,8.5,5,4654000,2.49,0.0,0.0,6389.1,6598.7,6614.8,2017,8,26,499963.0,502208.12
9.2,0,13.3,1,5.2,1,13.0,3,4654000,2.49,0.0,0.0,6389.1,6598.7,6614.8,2017,8,24,514062.0,548150.4
0.8,0,18.1,1,12.1,1,10.9,2,4654000,2.49,0.0,0.0,6389.1,6598.7,6614.8,2017,8,16,559789.0,530542.0
0.2,0,17.5,1,10.4,1,3.2,1,4654000,2.49,0.0,0.0,6389.1,6598.7,6614.8,2017,8,15,518305.0,478512.56
2.0,0,18.7,1,9.4,1,11.1,6,4654000,2.49,0.0,0.0,6389.1,6598.7,6614.8,2017,8,13,459722.0,415495.97
0.0,0,16.4,1,10.3,1,9.3,4,4654000,2.49,0.0,0.0,6389.1,6598.7,6614.8,2017,8,11,639015.0,619552.8
0.2,0,14.5,0,9.7,0,5.8,1,4654000,2.49,0.0,0.0,6347.9,6622.4,6604.5,2017,7,18,473937.0,486939.25
0.0,0,16.0,0,7.0,0,5.7,0,4654000,2.49,0.0,0.0,6347.9,6622.4,6604.5,2017,7,10,530213.0,499934.78
1.4,0,12.6,1,8.8,1,7.8,0,4654000,2.49,0.0,0.0,6368.2,6594.4,6593.3,2017,6,26,470501.0,471477.66
1.4,0,12.3,1,8.3,1,7.3,5,4654000,2.49,0.0,0.0,6368.2,6594.4,6593.3,2017,6,24,478643.0,469891.72
0.0,0,16.1,1,7.1,1,6.0,0,4654000,2.49,0.0,0.0,6368.2,6594.4,6593.3,2017,6,19,483221.0,477959.97
0.0,0,16.3,1,5.4,1,7.9,6,4654000,2.49,0.0,0.0,6368.2,6594.4,6593.3,2017,6,18,377909.0,411876.06
0.0,0,15.5,1,4.2,1,9.2,5,4654000,2.49,0.0,0.0,6368.2,6594.4,6593.3,2017,6,17,495107.0,512501.44
6.4,0,13.9,1,8.7,1,6.3,1,4654000,2.49,0.0,0.0,6368.2,6594.4,6593.3,2017,6,6,493878.0,494655.8
0.0,0,17.5,1,5.6,1,5.0,0,4654000,2.49,0.0,0.0,6368.2,6594.4,6593.3,2017,6,5,485705.0,469576.44
0.0,0,14.3,1,9.9,1,8.3,5,4654000,2.49,0.0,0.0,6368.2,6594.4,6593.3,2017,6,3,490185.0,507297.03
0.4,0,13.9,1,7.9,1,4.7,3,4654000,2.49,0.0,0.0,6368.2,6594.4,6593.3,2017,6,1,507289.0,524362.1
5.4,0,13.0,1,6.7,1,8.5,2,4654000,2.49,0.0,0.0,6396.5,6618.1,6576.4,2017,5,31,517098.0,532232.7
0.0,0,16.9,1,6.3,1,8.2,0,4654000,2.49,0.0,0.0,6396.5,6618.1,6576.4,2017,5,15,509450.0,488373.44
0.2,0,15.6,1,8.4,1,10.1,5,4654000,2.49,0.0,0.0,6396.5,6618.1,6576.4,2017,5,13,531189.0,524651.8
1.8,0,15.8,1,10.1,1,7.2,0,4654000,2.49,0.0,0.0,6396.5,6618.1,6576.4,2017,5,8,492233.0,504866.34
0.2,0,20.0,1,9.6,1,6.1,5,4654000,2.49,0.0,0.0,6396.5,6618.1,6576.4,2017,5,6,490825.0,526904.94
2.4,0,15.2,1,10.4,1,9.4,1,4654000,2.49,0.0,0.0,6396.5,6618.1,6576.4,2017,5,2,525303.0,517865.0
0.0,0,17.8,0,13.6,0,7.3,6,4654000,2.49,0.0,0.0,6286.0,6556.5,6552.3,2017,4,30,426618.0,424123.8
0.0,0,20.4,0,9.5,0,13.7,1,4654000,2.49,0.0,0.0,6286.0,6556.5,6552.3,2017,4,18,572627.0,588224.06
0.0,0,24.7,1,13.9,1,16.1,4,4654000,2.49,0.0,0.0,6412.4,6503.8,6523.7,2017,3,24,677155.0,697564.75
0.0,0,25.1,1,16.2,1,17.2,3,4654000,2.49,0.0,0.0,6412.4,6503.8,6523.7,2017,3,23,605116.0,603110.7
0.0,0,22.1,1,15.8,1,20.1,4,4654000,2.49,0.0,0.0,6412.4,6503.8,6523.7,2017,3,17,664396.0,680865.06
0.0,0,26.4,1,18.0,1,13.9,5,4654000,2.49,0.0,0.0,6412.4,6503.8,6523.7,2017,3,11,619354.0,564878.4
0.0,0,31.5,1,14.2,1,22.1,2,4654000,2.49,0.0,0.0,6412.4,6503.8,6523.7,2017,3,8,609480.0,613656.75
0.0,0,23.3,1,17.7,1,22.0,3,4654000,2.49,0.0,0.0,6412.4,6503.8,6523.7,2017,3,2,606297.0,602116.0
0.0,0,17.3,0,11.7,0,9.9,6,4654000,2.49,0.0,0.0,5710.5,6455.5,6498.0,2017,2,19,458199.0,439255.1
0.0,0,25.5,0,13.7,0,18.4,4,4654000,2.49,0.0,0.0,5710.5,6455.5,6498.0,2017,2,17,641560.0,687683.25
0.0,0,31.5,0,10.0,0,26.0,2,4654000,2.49,0.0,0.0,5710.5,6455.5,6498.0,2017,2,15,635314.0,605303.3
0.6,0,19.5,0,14.5,0,15.6,1,4654000,2.49,0.0,0.0,5710.5,6455.5,6498.0,2017,2,14,657102.0,580557.2
0.0,0,24.6,0,18.5,0,21.0,5,4654000,2.49,0.0,0.0,5710.5,6455.5,6498.0,2017,2,11,474229.0,538694.5
0.0,0,27.1,0,18.7,0,21.3,4,4654000,2.49,0.0,0.0,5710.5,6455.5,6498.0,2017,2,10,602447.0,665545.1
0.0,0,20.6,0,14.3,0,9.3,2,4654000,2.49,0.0,0.0,5710.5,6455.5,6498.0,2017,2,1,537345.0,532730.06
0.0,0,21.1,1,13.5,1,29.8,2,4654000,2.49,0.0,0.0,6355.5,6504.0,6480.5,2017,1,25,632096.0,591852.7
0.0,0,23.4,1,11.0,1,29.7,3,4654000,2.49,0.0,0.0,6355.5,6504.0,6480.5,2017,1,19,620063.0,604505.6
2.6,0,23.5,1,15.2,1,16.5,5,4654000,2.49,0.0,0.0,6355.5,6504.0,6480.5,2017,1,14,456663.0,517931.97
0.0,0,36.7,1,20.9,1,28.5,5,4654000,2.49,0.0,0.0,6355.5,6504.0,6480.5,2017,1,7,346040.0,399886.72
0.0,0,29.3,1,25.4,1,10.2,0,4541000,2.51,1.0,0.0,8457.6,6464.4,6467.8,2016,12,26,498861.0,434061.88
3.0,0,21.5,1,14.4,1,26.0,1,4541000,2.51,0.0,0.0,8457.6,6464.4,6467.8,2016,12,20,657124.0,647065.06
0.0,0,17.5,1,10.0,1,30.3,6,4541000,2.51,0.0,0.0,8457.6,6464.4,6467.8,2016,12,18,503354.0,518965.84
0.0,0,32.8,1,10.7,1,30.0,0,4541000,2.51,0.0,0.0,8457.6,6464.4,6467.8,2016,12,12,634990.0,650699.1
0.2,0,18.8,1,11.2,1,24.2,5,4541000,2.51,0.0,0.0,8457.6,6464.4,6467.8,2016,12,10,637359.0,629394.25
6.6,0,17.3,1,10.0,1,23.2,4,4541000,2.51,0.0,0.0,8457.6,6464.4,6467.8,2016,12,9,767218.0,716894.6
0.0,0,20.8,1,12.8,1,24.2,1,4541000,2.51,0.0,0.0,8457.6,6464.4,6467.8,2016,12,6,630402.0,650342.5
2.4,0,21.5,1,16.9,1,21.6,0,4541000,2.51,0.0,0.0,8457.6,6464.4,6467.8,2016,12,5,599445.0,630596.56
0.2,0,19.6,1,12.2,1,24.4,0,4541000,2.51,0.0,0.0,6752.1,6462.1,6453.1,2016,11,28,648742.0,606873.06
2.2,0,17.0,1,10.3,1,21.6,3,4541000,2.51,0.0,0.0,6752.1,6462.1,6453.1,2016,11,24,628099.0,632378.06
5.4,0,16.8,1,11.0,1,16.9,2,4541000,2.51,0.0,0.0,6752.1,6462.1,6453.1,2016,11,23,591229.0,583275.1
8.6,0,14.9,1,14.5,1,1.5,1,4541000,2.51,0.0,0.0,6752.1,6462.1,6453.1,2016,11,22,525673.0,527614.75
0.0,0,35.0,1,17.9,1,19.8,0,4541000,2.51,0.0,0.0,6752.1,6462.1,6453.1,2016,11,21,525499.0,563026.06
2.0,0,25.5,1,13.2,1,17.0,5,4541000,2.51,0.0,0.0,6752.1,6462.1,6453.1,2016,11,12,550620.0,567721.75
0.0,0,18.5,1,16.5,1,9.0,2,4541000,2.51,0.0,0.0,6508.1,6423.0,6432.0,2016,10,26,555583.0,599946.94
0.0,0,17.6,1,14.8,1,1.9,4,4541000,2.51,0.0,0.0,6508.1,6423.0,6432.0,2016,10,21,578513.0,614634.25
9.8,0,18.9,1,9.8,1,14.8,0,4541000,2.51,0.0,0.0,6508.1,6423.0,6432.0,2016,10,17,542812.0,548591.75
0.2,0,22.7,1,5.2,1,24.5,4,4541000,2.51,0.0,0.0,6508.1,6423.0,6432.0,2016,10,14,712718.0,729916.44
2.0,0,17.1,1,10.6,1,13.2,1,4541000,2.51,0.0,0.0,6508.1,6423.0,6432.0,2016,10,4,516272.0,542432.6
12.6,0,14.8,0,7.4,0,13.4,1,4541000,2.51,0.0,0.0,6270.8,6455.2,6402.3,2016,9,27,658091.0,646094.44
0.0,0,20.1,0,10.0,0,18.4,5,4541000,2.51,0.0,0.0,6270.8,6455.2,6402.3,2016,9,24,606510.0,638668.06
0.6,0,16.5,0,9.8,0,16.5,4,4541000,2.51,0.0,0.0,6270.8,6455.2,6402.3,2016,9,23,815769.0,748810.44
0.0,0,18.8,0,9.1,0,18.5,1,4541000,2.51,0.0,0.0,6270.8,6455.2,6402.3,2016,9,20,682115.0,660089.7
20.6,0,16.1,0,10.5,0,13.2,2,4541000,2.51,0.0,0.0,6270.8,6455.2,6402.3,2016,9,14,622469.0,659861.06
9.0,0,14.6,0,9.6,1,2.8,1,4541000,2.51,0.0,0.0,6270.8,6455.2,6402.3,2016,9,13,578052.0,576886.3
0.0,0,23.3,0,13.1,0,16.0,3,4541000,2.51,0.0,0.0,6270.8,6455.2,6402.3,2016,9,8,667634.0,685662.0
0.2,0,15.7,0,10.0,0,12.9,5,4541000,2.51,0.0,0.0,6270.8,6455.2,6402.3,2016,9,3,596806.0,612922.8
0.4,0,15.0,0,9.6,0,9.6,4,4541000,2.51,0.0,0.0,6270.8,6455.2,6402.3,2016,9,2,729386.0,716684.44
0.0,0,16.3,1,9.3,1,11.7,5,4541000,2.51,0.0,0.0,6127.3,6357.7,6369.2,2016,8,27,627006.0,624627.6
1.2,0,14.8,1,9.5,1,7.0,6,4541000,2.51,0.0,0.0,6127.3,6357.7,6369.2,2016,8,21,462621.0,491892.3
0.2,0,18.7,1,8.5,1,11.6,6,4541000,2.51,0.0,0.0,6127.3,6357.7,6369.2,2016,8,14,568123.0,527446.9
0.0,0,14.2,1,5.0,1,8.0,0,4541000,2.51,0.0,0.0,6127.3,6357.7,6369.2,2016,8,8,624458.0,597884.5
0.0,0,14.4,1,5.8,1,7.0,5,4541000,2.51,0.0,0.0,6127.3,6357.7,6369.2,2016,8,6,637403.0,614908.3
0.0,0,17.7,1,9.6,1,8.8,0,4541000,2.51,0.0,0.0,6059.4,6288.7,6339.8,2016,7,18,634454.0,608980.75
0.6,0,12.8,1,8.2,1,1.8,1,4541000,2.51,0.0,0.0,6059.4,6288.7,6339.8,2016,7,5,540334.0,609357.1
2.0,0,12.7,0,5.6,0,8.8,5,4541000,2.51,0.0,0.0,6072.5,6324.5,6318.4,2016,6,25,580689.0,581078.2
0.6,0,14.8,1,10.4,0,7.2,3,4541000,2.51,0.0,0.0,6072.5,6324.5,6318.4,2016,6,23,585952.0,654672.06
0.0,0,17.4,1,3.6,1,9.5,1,4541000,2.51,0.0,0.0,6083.8,6314.7,6305.2,2016,5,31,625796.0,624013.8
4.2,0,13.9,1,8.7,1,6.5,6,4541000,2.51,0.0,0.0,6083.8,6314.7,6305.2,2016,5,29,498023.0,495198.97
1.8,0,15.8,1,10.7,1,7.3,1,4541000,2.51,0.0,0.0,6083.8,6314.7,6305.2,2016,5,24,661884.0,624747.7
0.2,0,17.1,1,11.4,1,5.4,1,4541000,2.51,0.0,0.0,6083.8,6314.7,6305.2,2016,5,17,660928.0,606983.94
12.0,0,17.2,1,13.7,1,7.6,1,4541000,2.51,0.0,0.0,6083.8,6314.7,6305.2,2016,5,10,640637.0,626192.44
5.4,0,20.4,1,15.5,1,3.5,6,4541000,2.51,0.0,0.0,6083.8,6314.7,6305.2,2016,5,8,468014.0,477701.34
0.0,0,24.7,1,15.9,1,13.2,4,4541000,2.51,0.0,0.0,6083.8,6314.7,6305.2,2016,5,6,836931.0,780597.0
0.2,0,18.2,1,9.8,1,11.8,2,4541000,2.51,0.0,0.0,6083.8,6314.7,6305.2,2016,5,4,690607.0,662610.4
21.6,0,16.7,1,14.6,1,7.9,4,4541000,2.51,0.0,0.0,6088.0,6289.2,6298.6,2016,4,22,754744.0,729630.06
0.0,0,19.8,1,13.1,1,14.7,6,4541000,2.51,0.0,0.0,6088.0,6289.2,6298.6,2016,4,17,533006.0,584752.9
0.0,0,23.5,1,13.6,1,9.6,6,4541000,2.51,0.0,0.0,6088.0,6289.2,6298.6,2016,4,10,513132.0,629268.25
12.8,0,15.6,1,13.6,1,3.9,2,4541000,2.51,0.0,0.0,6088.0,6289.2,6298.6,2016,4,6,645428.0,655447.3
0.0,0,26.5,1,13.1,1,16.7,4,4541000,2.51,0.0,0.0,6088.0,6289.2,6298.6,2016,4,1,825032.0,777250.94
0.0,0,22.7,1,11.3,1,17.1,3,4541000,2.51,0.0,0.0,6179.5,6317.3,6294.8,2016,3,31,723291.0,676333.1
0.0,0,20.4,1,15.9,1,14.4,4,4541000,2.51,0.0,0.0,6179.5,6317.3,6294.8,2016,3,25,577455.0,749369.44
0.0,0,32.5,1,18.3,1,19.6,3,4541000,2.51,0.0,0.0,6179.5,6317.3,6294.8,2016,3,17,723538.0,717871.56
0.0,0,26.8,1,15.1,1,20.7,1,4541000,2.51,0.0,0.0,6179.5,6317.3,6294.8,2016,3,15,670741.0,693717.94
0.6,0,38.9,1,19.9,1,20.8,1,4541000,2.51,0.0,0.0,6179.5,6317.3,6294.8,2016,3,8,651033.0,652078.2
0.2,1,23.9,1,17.4,1,21.8,3,4541000,2.51,0.0,0.0,6179.5,6317.3,6294.8,2016,3,3,707384.0,690456.5
0.0,0,22.7,1,17.7,1,21.5,6,4541000,2.51,0.0,0.0,5740.6,6282.1,6290.0,2016,2,28,590129.0,678668.44
0.0,0,23.5,1,15.5,1,19.3,4,4541000,2.51,0.0,0.0,5740.6,6282.1,6290.0,2016,2,26,768799.0,783034.5
0.0,0,23.8,1,18.0,1,27.6,3,4541000,2.51,0.0,0.0,5740.6,6282.1,6290.0,2016,2,11,697604.0,699094.0
10.6,0,21.8,1,13.9,1,26.3,6,4541000,2.51,0.0,0.0,6168.4,6273.9,6281.4,2016,1,31,492709.0,532543.3
1.2,0,22.4,1,12.3,1,24.0,5,4541000,2.51,0.0,0.0,6168.4,6273.9,6281.4,2016,1,30,592781.0,600512.7
0.0,0,30.9,1,17.9,1,27.2,1,4541000,2.51,0.0,0.0,6168.4,6273.9,6281.4,2016,1,19,651976.0,644983.8
0.4,0,18.1,1,16.1,1,3.9,3,4541000,2.51,0.0,0.0,6168.4,6273.9,6281.4,2016,1,14,612006.0,633574.1
0.0,0,36.4,1,17.2,1,15.8,0,4541000,2.51,0.0,0.0,6168.4,6273.9,6281.4,2016,1,11,517276.0,581623.6
0.0,0,31.5,1,15.7,1,31.3,6,4541000,2.51,0.0,0.0,6168.4,6273.9,6281.4,2016,1,10,426207.0,512325.97
0.0,1,21.4,1,16.8,1,21.3,5,4541000,2.51,0.0,0.0,6168.4,6273.9,6281.4,2016,1,9,540042.0,572314.6
0.0,0,25.7,1,17.3,1,18.1,2,4541000,2.51,0.0,0.0,6168.4,6273.9,6281.4,2016,1,6,612086.0,617217.06
0.0,0,27.1,1,17.5,1,25.7,6,4541000,2.51,0.0,0.0,6168.4,6273.9,6281.4,2016,1,3,433175.0,427347.3
5.2,0,19.4,1,11.9,1,27.6,6,4430000,2.5,0.0,0.0,8159.5,6269.0,6269.3,2015,12,27,565176.0,520422.53
30.6,0,20.0,1,12.7,1,19.2,5,4430000,2.5,0.0,0.0,8159.5,6269.0,6269.3,2015,12,26,589121.0,573721.7
0.0,0,26.0,1,15.1,1,32.4,2,4430000,2.5,0.0,0.0,8159.5,6269.0,6269.3,2015,12,23,754574.0,688659.94
0.0,0,22.8,1,12.0,1,32.9,1,4430000,2.5,0.0,0.0,8159.5,6269.0,6269.3,2015,12,22,743509.0,621502.0
0.0,0,37.8,1,25.9,1,10.4,6,4430000,2.5,0.0,0.0,8159.5,6269.0,6269.3,2015,12,20,431512.0,470702.28
0.0,0,22.7,1,11.9,1,31.6,0,4430000,2.5,0.0,0.0,8159.5,6269.0,6269.3,2015,12,14,663866.0,664289.1
0.0,0,19.2,1,14.2,1,13.0,4,4430000,2.5,0.0,0.0,8159.5,6269.0,6269.3,2015,12,11,743671.0,739678.25
0.0,0,24.6,1,15.4,1,27.0,2,4430000,2.5,0.0,0.0,8159.5,6269.0,6269.3,2015,12,9,705665.0,680143.4
0.0,0,27.3,1,18.1,1,8.7,0,4430000,2.5,0.0,0.0,8159.5,6269.0,6269.3,2015,12,7,638867.0,597886.7
1.8,0,24.6,1,14.5,1,24.4,1,4430000,2.5,0.0,0.0,8159.5,6269.0,6269.3,2015,12,1,624223.0,642781.2
0.0,0,20.1,1,12.0,1,27.1,5,4430000,2.5,0.0,0.0,6507.8,6250.7,6252.1,2015,11,28,649857.0,603178.2
0.0,0,17.4,1,10.8,1,23.3,3,4430000,2.5,0.0,0.0,6507.8,6250.7,6252.1,2015,11,26,627823.0,660932.25
0.0,0,33.3,1,15.7,1,24.0,1,4430000,2.5,0.0,0.0,6507.8,6250.7,6252.1,2015,11,17,648475.0,618603.06
0.2,0,18.3,1,12.1,1,27.5,5,4430000,2.5,0.0,0.0,6507.8,6250.7,6252.1,2015,11,14,596002.0,607420.25
0.0,0,24.8,1,8.5,1,25.1,6,4430000,2.5,0.0,0.0,6507.8,6250.7,6252.1,2015,11,8,463810.0,519637.0
17.6,0,18.7,1,16.6,1,3.7,4,4430000,2.5,0.0,0.0,6507.8,6250.7,6252.1,2015,11,6,618563.0,652525.1
0.2,0,17.9,1,8.0,1,25.4,1,4430000,2.5,1.0,0.0,6507.8,6250.7,6252.1,2015,11,3,386891.0,509222.7
0.2,0,15.9,1,14.0,1,14.5,0,4430000,2.5,0.0,0.0,6396.2,6239.3,6226.3,2015,10,26,492038.0,539328.7
0.0,0,17.7,1,12.6,1,24.2,6,4430000,2.5,0.0,0.0,6396.2,6239.3,6226.3,2015,10,18,490180.0,471014.7
0.6,0,16.1,1,11.3,1,13.4,0,4430000,2.5,0.0,0.0,6396.2,6239.3,6226.3,2015,10,12,499765.0,501522.16
0.4,0,19.2,1,16.9,1,19.6,6,4430000,2.5,0.0,0.0,6396.2,6239.3,6226.3,2015,10,11,428364.0,468033.0
0.0,0,29.2,1,17.5,1,11.9,5,4430000,2.5,0.0,0.0,6396.2,6239.3,6226.3,2015,10,10,513612.0,533016.9
0.0,0,18.6,1,7.6,1,23.3,3,4430000,2.5,0.0,0.0,6396.2,6239.3,6226.3,2015,10,8,611105.0,602295.7
0.0,0,24.9,1,13.9,1,22.2,6,4430000,2.5,0.0,0.0,6396.2,6239.3,6226.3,2015,10,4,443982.0,446187.84
0.0,0,20.2,1,9.8,1,19.6,6,4430000,2.5,0.0,0.0,5985.7,6206.8,6192.1,2015,9,27,514270.0,505321.38
0.0,0,19.1,1,5.8,1,20.2,4,4430000,2.5,0.0,0.0,5985.7,6206.8,6192.1,2015,9,25,733034.0,718636.0
0.0,0,22.9,1,8.5,1,17.3,6,4430000,2.5,0.0,0.0,5985.7,6206.8,6192.1,2015,9,20,491637.0,518769.1
0.0,0,14.8,1,8.9,1,17.6,2,4430000,2.5,0.0,0.0,5985.7,6206.8,6192.1,2015,9,16,585490.0,606171.75
0.0,0,26.7,1,15.4,1,17.8,0,4430000,2.5,0.0,0.0,5985.7,6206.8,6192.1,2015,9,14,577092.0,590610.6
0.0,0,20.1,1,5.1,1,17.7,4,4430000,2.5,0.0,0.0,5985.7,6206.8,6192.1,2015,9,11,698757.0,708929.2
3.6,0,13.6,1,8.9,1,9.2,0,4430000,2.5,0.0,0.0,5985.7,6206.8,6192.1,2015,9,7,509272.0,508867.03
0.0,0,14.0,1,10.2,1,14.8,5,4430000,2.5,0.0,0.0,5985.7,6206.8,6192.1,2015,9,5,544846.0,559854.4
0.0,0,16.2,1,5.1,1,15.7,1,4430000,2.5,0.0,0.0,5985.7,6206.8,6192.1,2015,9,1,576545.0,584284.3
0.2,0,14.6,1,9.2,1,7.8,2,4430000,2.5,0.0,0.0,5938.6,6152.3,6151.3,2015,8,26,555001.0,571789.7
0.0,0,18.7,1,10.9,1,4.1,4,4430000,2.5,0.0,0.0,5938.6,6152.3,6151.3,2015,8,21,638838.0,662566.25
0.2,0,17.0,1,4.7,1,9.5,6,4430000,2.5,0.0,0.0,5938.6,6152.3,6151.3,2015,8,16,450219.0,442111.6
0.4,0,14.9,1,10.0,1,10.9,5,4430000,2.5,0.0,0.0,5938.6,6152.3,6151.3,2015,8,15,578334.0,555939.6
0.0,0,15.3,1,10.4,1,7.3,4,4430000,2.5,0.0,0.0,5938.6,6152.3,6151.3,2015,8,14,673007.0,666668.5
0.0,0,14.8,1,9.3,1,9.2,2,4430000,2.5,0.0,0.0,5938.6,6152.3,6151.3,2015,8,12,553739.0,576217.6
0.2,0,16.0,1,8.3,1,10.7,0,4430000,2.5,0.0,0.0,5938.6,6152.3,6151.3,2015,8,10,536184.0,528033.56
0.0,0,13.3,1,7.7,1,6.9,6,4430000,2.5,0.0,0.0,5938.6,6152.3,6151.3,2015,8,9,478024.0,446829.62
0.4,0,12.6,1,8.8,1,6.6,5,4430000,2.5,0.0,0.0,5938.6,6152.3,6151.3,2015,8,8,559364.0,545219.9
6.4,0,10.8,1,7.3,1,9.4,0,4430000,2.5,0.0,0.0,5938.6,6152.3,6151.3,2015,8,3,526305.0,519527.47
0.2,0,11.4,1,6.5,1,4.2,5,4430000,2.5,0.0,0.0,5938.6,6152.3,6151.3,2015,8,1,530928.0,517460.84
0.6,0,14.0,1,4.1,1,10.8,4,4430000,2.5,0.0,0.0,5914.6,6097.3,6108.2,2015,7,31,722927.0,693359.25
0.0,0,12.3,1,8.6,1,4.5,3,4430000,2.5,0.0,0.0,5914.6,6097.3,6108.2,2015,7,30,548530.0,598184.5
0.0,0,14.4,1,7.9,1,10.2,1,4430000,2.5,0.0,0.0,5914.6,6097.3,6108.2,2015,7,28,576689.0,582924.6
0.8,0,13.9,1,6.2,1,9.6,0,4430000,2.5,0.0,0.0,5914.6,6097.3,6108.2,2015,7,27,541731.0,568989.56
2.4,0,12.3,1,7.3,1,6.5,4,4430000,2.5,0.0,0.0,5914.6,6097.3,6108.2,2015,7,17,643243.0,662668.6
0.0,0,13.4,1,6.5,1,3.5,3,4430000,2.5,0.0,0.0,5914.6,6097.3,6108.2,2015,7,9,607333.0,569310.06
1.6,0,11.5,1,7.5,1,4.4,0,4430000,2.5,0.0,0.0,5914.6,6097.3,6108.2,2015,7,6,487470.0,533314.4
0.0,0,15.0,1,7.4,1,6.9,2,4430000,2.5,0.0,0.0,5914.6,6097.3,6108.2,2015,7,1,625939.0,602589.3
0.0,0,14.2,1,5.0,1,7.9,1,4430000,2.5,0.0,0.0,5777.1,6057.8,6069.2,2015,6,30,560718.0,551885.44
0.0,0,14.1,1,3.6,1,6.2,0,4430000,2.5,0.0,0.0,5777.1,6057.8,6069.2,2015,6,22,514264.0,508970.97
0.0,0,13.8,1,11.7,1,4.7,2,4430000,2.5,0.0,0.0,5777.1,6057.8,6069.2,2015,6,17,592878.0,567773.2
0.0,0,16.9,1,7.1,1,6.6,0,4430000,2.5,0.0,0.0,5777.1,6057.8,6069.2,2015,6,15,534232.0,531618.6
0.0,0,17.4,1,5.8,1,8.0,6,4430000,2.5,0.0,0.0,5777.1,6057.8,6069.2,2015,6,14,399377.0,458763.1
0.0,0,18.2,1,6.0,1,8.0,5,4430000,2.5,0.0,0.0,5777.1,6057.8,6069.2,2015,6,13,495094.0,561786.94
4.0,0,13.5,1,10.3,1,8.6,1,4430000,2.5,0.0,0.0,5777.1,6057.8,6069.2,2015,6,9,525874.0,526889.7
0.0,0,15.6,1,6.0,1,8.6,6,4430000,2.5,0.0,0.0,5838.6,6028.3,6037.3,2015,5,24,417544.0,460787.34
0.4,0,14.1,1,9.1,1,6.7,4,4430000,2.5,0.0,0.0,5838.6,6028.3,6037.3,2015,5,22,671081.0,662929.56
0.0,0,20.5,1,7.4,1,10.3,6,4430000,2.5,0.0,0.0,5838.6,6028.3,6037.3,2015,5,17,466679.0,473019.56
0.0,0,22.3,1,7.5,1,11.6,0,4430000,2.5,0.0,0.0,5838.6,6028.3,6037.3,2015,5,4,544357.0,552859.4
0.0,0,22.2,1,11.6,1,6.1,5,4430000,2.5,0.0,0.0,5838.6,6028.3,6037.3,2015,5,2,556620.0,560546.2
3.0,0,15.0,1,11.6,1,3.5,5,4430000,2.5,0.0,0.0,5726.7,6017.1,6011.7,2015,4,25,611420.0,503847.53
0.0,0,17.7,1,6.5,1,13.8,1,4430000,2.5,0.0,0.0,5726.7,6017.1,6011.7,2015,4,21,537536.0,570067.8
0.0,0,18.3,1,12.1,1,13.4,6,4430000,2.5,0.0,0.0,5726.7,6017.1,6011.7,2015,4,12,458063.0,495126.44
0.0,0,17.3,1,12.4,1,3.9,1,4430000,2.5,0.0,0.0,5726.7,6017.1,6011.7,2015,4,7,510773.0,540260.5
0.0,0,23.5,1,8.5,1,16.2,5,4430000,2.5,1.0,0.0,5726.7,6017.1,6011.7,2015,4,4,573686.0,598192.94
0.0,0,20.9,1,8.0,1,17.4,4,4430000,2.5,0.0,0.0,5726.7,6017.1,6011.7,2015,4,3,475088.0,715084.44
0.0,0,30.1,1,9.4,1,20.0,5,4430000,2.5,0.0,0.0,5887.7,5984.0,5989.2,2015,3,14,572853.0,601133.0
0.0,0,23.8,1,11.2,1,22.3,2,4430000,2.5,0.0,0.0,5887.7,5984.0,5989.2,2015,3,11,620529.0,638886.1
0.2,0,22.6,1,15.4,1,10.8,5,4430000,2.5,0.0,0.0,5887.7,5984.0,5989.2,2015,3,7,654889.0,587729.25
0.2,0,21.1,1,14.1,1,10.8,4,4430000,2.5,0.0,0.0,5887.7,5984.0,5989.2,2015,3,6,653919.0,701686.5
0.0,0,22.7,1,15.5,1,21.2,1,4430000,2.5,0.0,0.0,5887.7,5984.0,5989.2,2015,3,3,601661.0,595647.44
3.2,0,20.1,1,15.9,1,21.4,1,4430000,2.5,0.0,0.0,5283.1,5990.8,5967.0,2015,2,24,562586.0,514781.06
1.6,0,35.3,1,20.3,1,11.7,6,4430000,2.5,0.0,0.0,5283.1,5990.8,5967.0,2015,2,22,632064.0,396345.0
0.0,0,36.1,1,18.1,1,20.0,5,4430000,2.5,0.0,0.0,5283.1,5990.8,5967.0,2015,2,21,635512.0,444726.16
0.0,0,26.9,1,18.2,1,24.7,3,4430000,2.5,0.0,0.0,5283.1,5990.8,5967.0,2015,2,19,587812.0,561473.0
0.0,0,26.8,1,18.1,1,24.1,2,4430000,2.5,0.0,0.0,5283.1,5990.8,5967.0,2015,2,11,472027.0,525876.6
9.2,0,19.0,1,13.2,1,17.3,6,4430000,2.5,0.0,0.0,5283.1,5990.8,5967.0,2015,2,1,333982.0,370272.34
0.6,0,19.1,1,11.7,1,17.7,1,4430000,2.5,0.0,0.0,5904.7,5953.3,5945.4,2015,1,27,383761.0,402449.94
0.0,0,33.1,1,19.7,1,25.8,2,4430000,2.5,0.0,0.0,5904.7,5953.3,5945.4,2015,1,21,404459.0,381433.62
0.0,0,27.3,1,13.1,1,30.3,4,4430000,2.5,0.0,0.0,5904.7,5953.3,5945.4,2015,1,16,436832.0,462316.97
0.0,0,37.4,1,18.9,1,20.7,2,4430000,2.5,0.0,0.0,5904.7,5953.3,5945.4,2015,1,7,333413.0,329638.1
0.0,0,26.0,1,17.7,1,31.6,1,4430000,2.5,0.0,0.0,5904.7,5953.3,5945.4,2015,1,6,374931.0,368797.97
0.0,0,38.2,1,20.0,1,26.5,5,4430000,2.5,0.0,0.0,5904.7,5953.3,5945.4,2015,1,3,229507.0,254613.14
0.0,0,26.9,1,13.3,1,23.6,3,4430000,2.5,0.0,0.0,5904.7,5953.3,5945.4,2015,1,1,350287.0,379359.47
0.0,0,19.0,0,15.3,0,28.7,1,4322000,2.49,0.0,0.0,7645.5,5904.0,5926.9,2014,12,9,458168.0,449581.7
9.0,0,25.6,0,17.5,0,28.1,3,4322000,2.49,0.0,0.0,7645.5,5904.0,5926.9,2014,12,4,468031.0,487259.56
0.0,0,28.1,0,20.8,0,21.4,0,4322000,2.49,0.0,0.0,7645.5,5904.0,5926.9,2014,12,1,423883.0,443381.38
0.0,0,35.0,1,15.6,1,27.7,6,4322000,2.49,0.0,0.0,6151.9,5896.7,5912.3,2014,11,30,326648.0,292901.72
0.0,0,18.8,1,11.4,1,29.1,4,4322000,2.49,0.0,0.0,6151.9,5896.7,5912.3,2014,11,28,497139.0,520157.06
1.2,0,19.7,1,14.5,1,2.4,0,4322000,2.49,0.0,0.0,6151.9,5896.7,5912.3,2014,11,24,379019.0,426723.38
0.0,0,30.6,1,12.7,1,23.5,3,4322000,2.49,0.0,0.0,6151.9,5896.7,5912.3,2014,11,13,486029.0,469131.03
0.0,0,17.0,1,12.2,1,25.8,1,4322000,2.49,0.0,0.0,6151.9,5896.7,5912.3,2014,11,11,431841.0,449400.97
0.0,0,22.5,1,11.0,1,28.0,3,4322000,2.49,0.0,0.0,6151.9,5896.7,5912.3,2014,11,6,467976.0,460720.94
0.0,0,21.3,1,13.4,1,23.8,3,4322000,2.49,0.0,0.0,6023.4,5897.2,5899.2,2014,10,30,441429.0,465477.47
0.4,0,21.8,1,10.7,1,20.6,2,4322000,2.49,0.0,0.0,6023.4,5897.2,5899.2,2014,10,29,444359.0,463178.75
3.4,0,16.3,1,10.2,1,25.2,4,4322000,2.49,0.0,0.0,6023.4,5897.2,5899.2,2014,10,17,531695.0,496831.6
0.0,0,15.6,1,11.0,1,13.7,3,4322000,2.49,0.0,0.0,6023.4,5897.2,5899.2,2014,10,16,463823.0,445533.5
0.2,0,15.4,1,5.9,1,17.9,2,4322000,2.49,0.0,0.0,6023.4,5897.2,5899.2,2014,10,15,449597.0,450974.66
0.0,0,28.0,1,15.5,1,19.0,6,4322000,2.49,0.0,0.0,5689.1,5897.8,5884.8,2014,9,28,336590.0,332828.12
0.0,0,18.8,1,7.4,1,12.8,3,4322000,2.49,0.0,0.0,5685.7,5851.7,5821.0,2014,8,28,314786.0,332181.53
0.0,0,17.4,1,6.7,1,14.5,2,4322000,2.49,0.0,0.0,5685.7,5851.7,5821.0,2014,8,27,310899.0,325348.94
0.0,0,15.0,1,6.7,1,7.7,6,4322000,2.49,0.0,0.0,5685.7,5851.7,5821.0,2014,8,17,234125.0,230190.25
0.2,0,13.5,1,7.8,1,11.0,2,4322000,2.49,0.0,0.0,5685.7,5851.7,5821.0,2014,8,13,304290.0,306434.9
6.0,0,12.2,1,5.9,1,10.7,0,4322000,2.49,0.0,0.0,5685.7,5851.7,5821.0,2014,8,11,276689.0,274600.56
0.0,0,15.2,1,7.1,1,8.5,5,4322000,2.49,0.0,0.0,5685.7,5851.7,5821.0,2014,8,9,255451.0,304972.88
2.6,0,16.3,1,10.6,1,5.5,4,4322000,2.49,0.0,0.0,5685.7,5851.7,5821.0,2014,8,8,344802.0,399651.5
1.6,0,14.1,1,10.7,1,6.1,3,4322000,2.49,0.0,0.0,5685.7,5851.7,5821.0,2014,8,7,316183.0,325536.16
5.2,0,10.1,1,6.2,1,4.5,4,4322000,2.49,0.0,0.0,5685.7,5851.7,5821.0,2014,8,1,278940.0,353284.53
0.0,0,19.3,1,12.1,1,6.1,2,4322000,2.49,0.0,0.0,5614.7,5797.7,5797.9,2014,7,30,326522.0,357717.84
0.0,0,16.9,1,10.0,1,10.0,0,4322000,2.49,0.0,0.0,5614.7,5797.7,5797.9,2014,7,28,311497.0,344804.47
0.0,0,14.8,1,12.2,1,3.3,5,4322000,2.49,0.0,0.0,5614.7,5797.7,5797.9,2014,7,26,297490.0,319766.1
0.0,0,14.1,1,4.1,1,9.1,2,4322000,2.49,0.0,0.0,5614.7,5797.7,5797.9,2014,7,23,357011.0,350770.4
2.4,0,12.5,1,6.1,1,8.8,4,4322000,2.49,0.0,0.0,5614.7,5797.7,5797.9,2014,7,18,369563.0,423716.47
0.0,0,13.2,1,6.9,1,3.0,1,4322000,2.49,0.0,0.0,5614.7,5797.7,5797.9,2014,7,15,330749.0,311959.0
4.4,0,10.4,1,7.3,1,6.6,5,4322000,2.49,0.0,0.0,5614.7,5797.7,5797.9,2014,7,12,289834.0,237760.53
0.0,0,15.1,1,9.4,1,8.6,1,4322000,2.49,0.0,0.0,5614.7,5797.7,5797.9,2014,7,8,359837.0,364033.75
0.0,0,15.3,1,8.9,1,3.9,5,4322000,2.49,0.0,0.0,5614.7,5797.7,5797.9,2014,7,5,308392.0,336052.44
0.0,0,13.3,1,9.7,1,6.5,5,4322000,2.49,0.0,0.0,5464.0,5756.1,5772.5,2014,6,28,357535.0,322214.88
0.0,0,15.7,1,7.2,1,6.8,6,4322000,2.49,0.0,0.0,5464.0,5756.1,5772.5,2014,6,22,281670.0,278395.12
2.0,0,14.9,1,10.1,1,5.8,1,4322000,2.49,0.0,0.0,5464.0,5756.1,5772.5,2014,6,17,347181.0,330467.4
5.8,0,17.5,1,12.1,1,7.3,4,4322000,2.49,0.0,0.0,5464.0,5756.1,5772.5,2014,6,13,419634.0,428542.25
0.0,0,15.6,1,5.6,1,7.9,0,4322000,2.49,1.0,0.0,5464.0,5756.1,5772.5,2014,6,9,277728.0,287441.5
1.6,0,18.7,1,10.7,1,4.7,2,4322000,2.49,0.0,0.0,5464.0,5756.1,5772.5,2014,6,4,349899.0,367337.7
0.0,0,18.9,1,7.5,1,4.7,5,4322000,2.49,0.0,0.0,5598.7,5723.2,5749.9,2014,5,31,455223.0,390983.38
0.0,0,23.5,1,17.3,1,7.7,0,4322000,2.49,0.0,0.0,5598.7,5723.2,5749.9,2014,5,19,425480.0,412261.97
0.0,0,20.3,1,16.5,1,4.3,5,4322000,2.49,0.0,0.0,5598.7,5723.2,5749.9,2014,5,17,441449.0,404964.94
0.0,0,21.1,1,8.6,1,10.4,2,4322000,2.49,0.0,0.0,5598.7,5723.2,5749.9,2014,5,14,427479.0,438073.94
0.0,0,20.8,1,7.6,1,10.1,1,4322000,2.49,0.0,0.0,5598.7,5723.2,5749.9,2014,5,13,414047.0,412237.8
0.0,0,20.2,1,13.9,1,2.2,1,4322000,2.49,0.0,0.0,5492.2,5753.9,5734.1,2014,4,29,281552.0,309124.75
0.0,0,19.0,1,12.3,1,10.4,0,4322000,2.49,0.0,0.0,5492.2,5753.9,5734.1,2014,4,21,244364.0,298848.0
2.2,0,17.0,1,11.8,1,9.0,5,4322000,2.49,0.0,0.0,5492.2,5753.9,5734.1,2014,4,19,325410.0,312516.66
0.0,0,20.6,1,11.7,1,12.2,0,4322000,2.49,0.0,0.0,5492.2,5753.9,5734.1,2014,4,14,361535.0,344414.06
0.0,0,22.1,1,16.6,1,3.7,1,4322000,2.49,0.0,0.0,5492.2,5753.9,5734.1,2014,4,8,335517.0,311004.34
0.0,0,24.3,1,11.8,1,14.4,6,4322000,2.49,0.0,0.0,5492.2,5753.9,5734.1,2014,4,6,343021.0,336863.9
0.0,0,24.2,1,14.8,1,12.7,5,4322000,2.49,0.0,0.0,5492.2,5753.9,5734.1,2014,4,5,366914.0,354505.56
0.2,0,30.5,1,16.3,1,16.9,0,4322000,2.49,0.0,0.0,5560.5,5702.7,5723.7,2014,3,31,366979.0,332632.6
1.8,0,18.1,1,13.4,1,11.5,5,4322000,2.49,0.0,0.0,5560.5,5702.7,5723.7,2014,3,22,323098.0,344672.6
0.0,0,22.7,1,13.3,1,11.2,4,4322000,2.49,0.0,0.0,5560.5,5702.7,5723.7,2014,3,21,438393.0,422394.4
0.0,0,24.3,1,15.2,1,13.8,1,4322000,2.49,0.0,0.0,5560.5,5702.7,5723.7,2014,3,18,383754.0,358654.4
0.0,0,32.6,1,16.4,1,22.3,6,4322000,2.49,0.0,0.0,5560.5,5702.7,5723.7,2014,3,9,391983.0,281424.28
0.0,0,19.6,1,13.0,1,23.5,3,4322000,2.49,0.0,0.0,5560.5,5702.7,5723.7,2014,3,6,130968.0,432255.12
0.0,0,22.3,1,14.5,1,16.7,5,4322000,2.49,0.0,0.0,5560.5,5702.7,5723.7,2014,3,1,331601.0,352024.94
0.0,0,20.6,1,14.9,1,16.6,2,4322000,2.49,0.0,0.0,5033.2,5720.4,5714.0,2014,2,26,426282.0,439215.78
0.0,0,25.5,1,18.9,1,10.2,4,4322000,2.49,0.0,0.0,5033.2,5720.4,5714.0,2014,2,14,514907.0,481138.4
0.0,0,22.4,1,15.3,1,28.7,0,4322000,2.49,0.0,0.0,5033.2,5720.4,5714.0,2014,2,10,392757.0,371624.1
0.0,0,39.4,1,21.6,1,27.3,6,4322000,2.49,0.0,0.0,5033.2,5720.4,5714.0,2014,2,9,246742.0,293503.22
0.0,0,27.7,1,18.1,1,27.6,5,4322000,2.49,0.0,0.0,5033.2,5720.4,5714.0,2014,2,1,373824.0,341361.06
0.0,0,21.9,1,16.7,1,23.2,1,4322000,2.49,0.0,0.0,5654.3,5721.8,5698.5,2014,1,21,449118.0,395933.12
0.0,0,23.4,1,16.6,1,23.1,0,4322000,2.49,0.0,0.0,5654.3,5721.8,5698.5,2014,1,20,431260.0,393359.06
0.2,0,23.2,1,21.3,1,16.7,5,4322000,2.49,0.0,0.0,5654.3,5721.8,5698.5,2014,1,18,370763.0,372565.5
0.0,0,20.7,1,16.5,1,24.6,6,4322000,2.49,0.0,0.0,5654.3,5721.8,5698.5,2014,1,12,320659.0,298239.75
0.0,0,19.2,1,14.0,1,22.2,1,4322000,2.49,0.0,0.0,5654.3,5721.8,5698.5,2014,1,7,386130.0,361813.9
5.2,0,21.8,1,15.0,1,25.8,3,4322000,2.49,0.0,0.0,5654.3,5721.8,5698.5,2014,1,2,369751.0,358715.75
0.0,0,20.7,1,11.7,1,34.1,0,4217000,2.5,0.0,0.0,7356.6,5669.9,5672.8,2013,12,30,391630.0,419495.12
2.0,0,17.3,1,14.3,1,9.0,0,4217000,2.5,0.0,0.0,7356.6,5669.9,5672.8,2013,12,23,462183.0,425290.34
0.0,0,21.0,1,14.9,1,5.7,5,4217000,2.5,0.0,0.0,7356.6,5669.9,5672.8,2013,12,21,416390.0,393245.3
0.0,0,19.7,1,14.0,1,22.8,1,4217000,2.5,0.0,0.0,7356.6,5669.9,5672.8,2013,12,17,478259.0,470262.66
0.0,0,22.5,1,14.2,1,13.9,4,4217000,2.5,0.0,0.0,7356.6,5669.9,5672.8,2013,12,13,62705.0,515067.94
0.4,0,20.0,1,13.2,1,21.7,2,4217000,2.5,0.0,0.0,7356.6,5669.9,5672.8,2013,12,11,460113.0,481782.66
0.2,0,17.9,1,12.1,1,29.8,5,4217000,2.5,0.0,0.0,5881.1,5601.7,5587.9,2013,11,30,420344.0,408528.12
0.0,0,30.6,1,15.0,1,26.8,1,4217000,2.5,0.0,0.0,5881.1,5601.7,5587.9,2013,11,19,465522.0,463245.34
0.0,0,26.9,1,10.3,1,29.8,0,4217000,2.5,0.0,0.0,5881.1,5601.7,5587.9,2013,11,18,468638.0,459820.84
0.0,0,18.6,1,8.5,1,30.8,6,4217000,2.5,0.0,0.0,5881.1,5601.7,5587.9,2013,11,17,392142.0,367769.88
0.0,0,17.1,1,9.4,1,18.3,5,4217000,2.5,0.0,0.0,5881.1,5601.7,5587.9,2013,11,16,414183.0,404342.03
0.0,0,17.7,1,14.4,1,3.0,4,4217000,2.5,0.0,0.0,5881.1,5601.7,5587.9,2013,11,8,456662.0,481583.94
0.0,0,16.9,1,10.2,1,18.1,6,4217000,2.5,0.0,0.0,5618.7,5532.4,5546.7,2013,10,27,309136.0,308397.34
0.2,0,15.7,1,7.9,1,8.7,4,4217000,2.5,0.0,0.0,5618.7,5532.4,5546.7,2013,10,25,485343.0,478594.1
0.0,0,17.4,1,14.5,1,3.8,0,4217000,2.5,0.0,0.0,5618.7,5532.4,5546.7,2013,10,21,342375.0,378399.16
0.0,0,17.0,1,11.1,1,10.2,6,4217000,2.5,0.0,0.0,5618.7,5532.4,5546.7,2013,10,13,274679.0,287951.9
3.2,0,20.6,1,10.2,1,20.5,4,4217000,2.5,0.0,0.0,5618.7,5532.4,5546.7,2013,10,11,500582.0,486728.25
1.8,0,14.7,1,8.4,1,15.7,3,4217000,2.5,0.0,0.0,5618.7,5532.4,5546.7,2013,10,3,454030.0,414811.06
0.0,0,23.8,1,14.8,1,4.9,0,4217000,2.5,0.0,0.0,5262.9,5513.7,5504.6,2013,9,30,424977.0,385629.9
2.4,0,15.9,1,8.3,1,17.3,5,4217000,2.5,0.0,0.0,5262.9,5513.7,5504.6,2013,9,28,360690.0,348580.06
0.0,0,24.3,1,9.6,1,14.0,0,4217000,2.5,0.0,0.0,5262.9,5513.7,5504.6,2013,9,23,423410.0,391401.72
0.0,0,19.7,1,12.7,1,8.1,2,4217000,2.5,0.0,0.0,5262.9,5513.7,5504.6,2013,9,18,354191.0,383543.16
0.0,0,17.5,1,7.9,1,14.6,5,4217000,2.5,0.0,0.0,5262.9,5513.7,5504.6,2013,9,14,317609.0,340867.22
0.0,0,17.9,1,9.8,1,10.0,5,4217000,2.5,0.0,0.0,5262.9,5513.7,5504.6,2013,9,7,333137.0,339225.06
0.0,0,22.4,1,10.9,1,11.4,2,4217000,2.5,0.0,0.0,5387.6,5454.4,5465.2,2013,8,28,263809.0,280009.6
0.0,0,19.4,1,10.5,1,12.6,0,4217000,2.5,0.0,0.0,5387.6,5454.4,5465.2,2013,8,26,258105.0,261767.89
0.6,0,12.7,1,5.5,1,12.3,1,4217000,2.5,0.0,0.0,5387.6,5454.4,5465.2,2013,8,20,241717.0,247772.38
0.4,0,12.8,1,7.3,1,10.5,0,4217000,2.5,0.0,0.0,5387.6,5454.4,5465.2,2013,8,19,241327.0,220665.45
0.8,0,16.9,1,7.5,1,11.6,3,4217000,2.5,0.0,0.0,5387.6,5454.4,5465.2,2013,8,15,274546.0,275871.38
0.0,0,14.2,1,7.6,1,5.2,4,4217000,2.5,0.0,0.0,5387.6,5454.4,5465.2,2013,8,2,281454.0,312757.84
5.2,0,19.2,1,12.0,1,10.5,0,4217000,2.5,0.0,0.0,5221.0,5423.8,5433.8,2013,7,29,258102.0,260977.3
0.0,0,14.0,1,10.3,1,5.9,2,4217000,2.5,0.0,0.0,5221.0,5423.8,5433.8,2013,7,24,331038.0,280445.03
3.0,0,12.9,1,8.3,1,5.0,1,4217000,2.5,0.0,0.0,5221.0,5423.8,5433.8,2013,7,23,259569.0,254985.08
0.0,0,15.4,1,7.9,1,2.9,5,4217000,2.5,0.0,0.0,5221.0,5423.8,5433.8,2013,7,13,206018.0,216349.53
0.0,0,15.3,1,3.0,1,9.1,2,4217000,2.5,0.0,0.0,5221.0,5423.8,5433.8,2013,7,10,288791.0,286059.84
2.0,0,13.9,1,4.3,1,8.5,0,4217000,2.5,0.0,0.0,5221.0,5423.8,5433.8,2013,7,8,276264.0,258693.92
0.2,0,15.6,1,9.8,1,5.9,5,4217000,2.5,0.0,0.0,5221.0,5423.8,5433.8,2013,7,6,237520.0,243293.52
0.0,0,16.2,1,9.5,1,8.7,2,4217000,2.5,0.0,0.0,5221.0,5423.8,5433.8,2013,7,3,281034.0,284885.53
0.2,0,17.9,1,7.9,1,3.8,0,4217000,2.5,0.0,0.0,5221.0,5423.8,5433.8,2013,7,1,262415.0,258582.62
0.0,0,18.3,1,5.2,1,7.2,6,4217000,2.5,0.0,0.0,5154.2,5412.4,5411.8,2013,6,30,210065.0,191834.47
0.0,0,16.4,1,3.5,1,7.9,1,4217000,2.5,0.0,0.0,5154.2,5412.4,5411.8,2013,6,25,273729.0,257024.64
0.0,0,12.3,1,1.8,1,6.2,0,4217000,2.5,0.0,0.0,5154.2,5412.4,5411.8,2013,6,24,249635.0,221529.66
2.0,0,14.8,1,7.9,1,6.7,1,4217000,2.5,0.0,0.0,5154.2,5412.4,5411.8,2013,6,18,247936.0,244856.12
1.0,0,11.6,1,6.0,1,2.8,0,4217000,2.5,0.0,0.0,5154.2,5412.4,5411.8,2013,6,17,230230.0,236644.47
9.6,0,12.8,1,10.8,1,2.5,3,4217000,2.5,0.0,0.0,5154.2,5412.4,5411.8,2013,6,13,236033.0,228240.77
0.2,0,13.3,1,8.7,1,2.7,2,4217000,2.5,0.0,0.0,5154.2,5412.4,5411.8,2013,6,12,230607.0,240867.03
0.0,0,14.4,1,5.3,1,8.3,6,4217000,2.5,0.0,0.0,5154.2,5412.4,5411.8,2013,6,9,209189.0,190808.92
